-- --------------------------------------------------------
-- Host:                         127.0.0.1
-- Server version:               11.1.2-MariaDB - mariadb.org binary distribution
-- Server OS:                    Win64
-- HeidiSQL Version:             12.3.0.6589
-- --------------------------------------------------------

/*!40101 SET @OLD_CHARACTER_SET_CLIENT=@@CHARACTER_SET_CLIENT */;
/*!40101 SET NAMES utf8 */;
/*!50503 SET NAMES utf8mb4 */;
/*!40103 SET @OLD_TIME_ZONE=@@TIME_ZONE */;
/*!40103 SET TIME_ZONE='+00:00' */;
/*!40014 SET @OLD_FOREIGN_KEY_CHECKS=@@FOREIGN_KEY_CHECKS, FOREIGN_KEY_CHECKS=0 */;
/*!40101 SET @OLD_SQL_MODE=@@SQL_MODE, SQL_MODE='NO_AUTO_VALUE_ON_ZERO' */;
/*!40111 SET @OLD_SQL_NOTES=@@SQL_NOTES, SQL_NOTES=0 */;


-- Dumping database structure for shopping
DROP DATABASE IF EXISTS `shopping`;
CREATE DATABASE IF NOT EXISTS `shopping` /*!40100 DEFAULT CHARACTER SET utf8mb4 COLLATE utf8mb4_general_ci */;
USE `shopping`;

-- Dumping structure for table shopping.customer
DROP TABLE IF EXISTS `customer`;
CREATE TABLE IF NOT EXISTS `customer` (
  `cust_id` bigint(20) NOT NULL AUTO_INCREMENT,
  `address` varchar(250) NOT NULL,
  `email` varchar(150) DEFAULT NULL,
  `cust_name` varchar(150) NOT NULL,
  `phone` varchar(15) NOT NULL,
  PRIMARY KEY (`cust_id`),
  UNIQUE KEY `UK_dwk6cx0afu8bs9o4t536v1j5v` (`email`)
) ENGINE=InnoDB AUTO_INCREMENT=51 DEFAULT CHARSET=utf8mb4 COLLATE=utf8mb4_general_ci;

-- Dumping data for table shopping.customer: ~50 rows (approximately)
INSERT INTO `customer` (`cust_id`, `address`, `email`, `cust_name`, `phone`) VALUES
	(1, '4009 Hammes Pines, South Leeanne, TX 87807', 'jacelyn.wyman@gmail.com', 'Burl Pagac V', '253.336.5569'),
	(2, 'Apt. 315 693 Chae Mission, New Evan, ND 86082', 'divina.fadel@yahoo.com', 'Zetta Anderson', '(567) 240-0438'),
	(3, 'Apt. 501 84793 Karena Fork, Hettingerburgh, SD 63751', 'alyssa.mayert@yahoo.com', 'Dwayne Fadel', '262-856-9945'),
	(4, 'Apt. 355 1662 Clark Roads, East Milagro, VT 29912', 'freida.cronin@yahoo.com', 'Hershel Howe', '773-612-7798'),
	(5, 'Suite 754 33834 Hermiston Park, West Sanford, CT 82901', 'marion.friesen@hotmail.com', 'Bert Goodwin II', '804.224.8790'),
	(6, 'Apt. 495 509 Lupe Crossing, Lake Tessbury, GA 47544', 'royal.hoeger@gmail.com', 'Gregg Powlowski', '315-469-4620'),
	(7, '277 Becker Circles, East Marylyn, TN 31731', 'bree.wilderman@hotmail.com', 'Malik Gusikowski', '(201) 478-8802'),
	(8, 'Suite 785 8511 Stracke Camp, Lynchville, IA 93697', 'merri.lubowitz@gmail.com', 'Ayesha Olson', '(772) 316-3260'),
	(9, '13171 Gleichner Parkways, Odellton, OR 17657', 'buster.leuschke@yahoo.com', 'Jaye Cronin', '763.805.3467'),
	(10, '74016 Quigley Skyway, East Daryl, AR 42670', 'jeremy.ritchie@yahoo.com', 'Tanner Ortiz', '424.719.3149'),
	(11, 'Apt. 347 7379 Lindgren Falls, Malvinatown, RI 30490', 'shila.cormier@hotmail.com', 'Carter Sanford', '1-276-608-5089'),
	(12, '778 Shelby Loop, McDermottview, NC 48478', 'esther.smith@hotmail.com', 'Randolph VonRueden', '(979) 916-7178'),
	(13, 'Apt. 837 8095 Sheree Shoal, Jacobsland, RI 02435', 'rebbecca.powlowski@gmail.com', 'Merrill Schuster', '878-313-0899'),
	(14, '387 Raul Estates, Karinamouth, DE 75949', 'omar.schmeler@gmail.com', 'Melvin Tillman', '1-320-352-1377'),
	(15, 'Apt. 736 3018 Kunze Circle, West Elise, TN 77243', 'tom.gulgowski@yahoo.com', 'Lucas Will', '1-832-614-3666'),
	(16, 'Suite 693 63913 Boyer Lodge, West Leanna, WV 70832', 'stan.schimmel@gmail.com', 'Josef Tromp', '863-207-1962'),
	(17, 'Apt. 681 2687 Schamberger Flats, South Mike, NJ 18146', 'monte.wilkinson@hotmail.com', 'Norbert Kling', '(561) 516-9907'),
	(18, 'Suite 389 82847 O\'Connell Forges, Rowefurt, TX 84241', 'jude.mraz@yahoo.com', 'Bill Leuschke', '817-478-0897'),
	(19, 'Suite 130 766 Simonis Branch, Lake Kelvin, OR 12119', 'deshawn.bartoletti@yahoo.com', 'Nellie Hintz', '1-405-651-9475'),
	(20, 'Apt. 365 438 Jamison Expressway, Kochfurt, OH 30306', 'solomon.schaden@yahoo.com', 'Angelo Mosciski', '(708) 918-2713'),
	(21, '88658 Bednar Place, Elliestad, AZ 49266', 'darrin.weissnat@gmail.com', 'Fidel Gleichner', '1-805-413-6125'),
	(22, '780 Deshawn Rest, Schoenborough, NV 48024', 'brent.pfannerstill@gmail.com', 'Tommie Kozey II', '1-423-740-2047'),
	(23, 'Apt. 635 489 Harrison Locks, Robelview, WY 90344', 'mickey.krajcik@yahoo.com', 'Renee Kuphal DVM', '603.570.2047'),
	(24, '9672 Noel Isle, New Jaimee, CA 68405', 'samatha.dach@gmail.com', 'Refugio Predovic', '616.916.7958'),
	(25, '6669 Donnell Keys, Lake Dewitt, SD 02377', 'van.white@hotmail.com', 'Reed Barrows', '1-215-661-1829'),
	(26, 'Suite 494 8291 Schultz Track, Fredchester, NJ 39986', 'gene.schroeder@gmail.com', 'Danilo Stanton', '830.765.3900'),
	(27, 'Suite 126 680 Cassin Groves, Juliannland, NH 56188', 'pablo.kulas@yahoo.com', 'Dr. Korey Stark', '(253) 585-3616'),
	(28, 'Apt. 166 23910 Riva Point, Emmerichport, OR 76734', 'vernia.prosacco@yahoo.com', 'Dinah Blick', '(919) 408-6344'),
	(29, '753 Roosevelt Extensions, Port Jeffereytown, ID 32866', 'kris.veum@hotmail.com', 'Tory Bogan', '662.207.9371'),
	(30, '789 Dalene Avenue, West Meltown, OH 90847', 'luigi.hilpert@hotmail.com', 'Miss Shaunta Kling', '(859) 218-5110'),
	(31, '395 Louis Locks, Port Quincyfort, NY 79530', 'shenita.torphy@yahoo.com', 'Owen Muller', '562.813.9429'),
	(32, 'Suite 115 2334 Kessler Fork, Mullerhaven, WY 12846', 'roxie.renner@hotmail.com', 'Lynnette Nikolaus I', '949-712-5587'),
	(33, 'Apt. 325 183 Alberto Course, Oliveshire, WA 59970', 'dianne.bruen@yahoo.com', 'Mr. Madalene Predovic', '(480) 412-4400'),
	(34, 'Suite 386 907 Spinka Mountains, Port Clarehaven, WI 77942', 'ashley.hamill@gmail.com', 'Leonard Kovacek', '(706) 423-3339'),
	(35, 'Apt. 137 2698 Heathcote Street, Lake Candiview, ME 36754', 'brunilda.towne@gmail.com', 'Landon Gerlach', '413.512.2558'),
	(36, 'Suite 275 18962 Schiller Place, East Kristopher, WY 46766', 'armand.haag@gmail.com', 'Melba Schumm DDS', '718.601.8553'),
	(37, 'Apt. 271 60194 Jerald Shores, Swiftchester, HI 61718', 'cornell.oberbrunner@gmail.com', 'Deirdre Monahan', '(413) 219-6707'),
	(38, 'Suite 328 455 Koelpin Islands, Andresshire, SC 19479', 'fredric.bernier@hotmail.com', 'Reyes Zemlak', '316-530-5933'),
	(39, '85610 Jon Loaf, Lake Luannfurt, IL 88929', 'zack.kilback@yahoo.com', 'Alicia Schmitt', '212-650-2308'),
	(40, 'Apt. 572 61030 Josephina Streets, South Elbert, IN 75531', 'mayra.mraz@hotmail.com', 'Ms. Maryellen Zemlak', '775.443.8802'),
	(41, '33992 Dorinda Valleys, Cherilynstad, NJ 52623', 'kendall.buckridge@hotmail.com', 'Lashawnda Walter', '1-956-304-9504'),
	(42, 'Apt. 512 8074 Mitchell Walk, Kemmerberg, OK 77814', 'donte.harvey@yahoo.com', 'Fredrick Hane', '1-765-405-4460'),
	(43, 'Apt. 334 939 Tameka Divide, South Carmeliaberg, AR 32050', 'antony.fadel@hotmail.com', 'Darryl Cartwright', '715-606-2961'),
	(44, 'Apt. 646 26732 Luanne Isle, Darylshire, NY 45835', 'carey.stark@hotmail.com', 'Leora Mann', '1-602-713-1706'),
	(45, 'Suite 351 23644 Ellie Run, Thompsonburgh, ND 19583', 'ira.padberg@gmail.com', 'Mr. Melvina Jerde', '1-314-603-6468'),
	(46, 'Apt. 447 04206 Elicia Hills, Irahaven, ID 31342', 'kristie.rogahn@yahoo.com', 'Miss Etsuko Spencer', '920-928-0047'),
	(47, '2328 Doris Spring, North Lorenzastad, MO 91244', 'lisette.langworth@hotmail.com', 'Adolph Torphy', '(707) 256-0250'),
	(48, 'Suite 442 8889 Kerluke Wall, West Wilsonchester, VT 93219', 'anglea.von@yahoo.com', 'Marget Wilderman', '1-814-351-7808'),
	(49, '352 Abe Field, Lake Merideth, AK 49031', 'kandis.ruecker@gmail.com', 'Titus Heidenreich III', '(251) 541-8084'),
	(50, '20349 Bergstrom Estates, Port Charolette, ME 87498', 'blanca.kuvalis@yahoo.com', 'Mrs. Ian Bergstrom', '612.702.8515');

-- Dumping structure for table shopping.employee
DROP TABLE IF EXISTS `employee`;
CREATE TABLE IF NOT EXISTS `employee` (
  `emp_id` bigint(20) NOT NULL AUTO_INCREMENT,
  `address` varchar(250) NOT NULL,
  `dob` datetime(6) NOT NULL,
  `email` varchar(150) DEFAULT NULL,
  `full_name` varchar(150) NOT NULL,
  `phone` varchar(15) NOT NULL,
  `status` int(11) NOT NULL,
  PRIMARY KEY (`emp_id`),
  UNIQUE KEY `UK_fopic1oh5oln2khj8eat6ino0` (`email`)
) ENGINE=InnoDB AUTO_INCREMENT=11 DEFAULT CHARSET=utf8mb4 COLLATE=utf8mb4_general_ci;

-- Dumping data for table shopping.employee: ~10 rows (approximately)
INSERT INTO `employee` (`emp_id`, `address`, `dob`, `email`, `full_name`, `phone`, `status`) VALUES
	(1, '57887 Jean Lane, West Willy, AL 82759', '2023-11-25 00:00:00.000000', '1@gmail.com', 'Jutta Jaskolski', '(754) 445-5423', 0),
	(2, '30551 Moira Avenue, East Ardis, OH 02116', '2023-11-25 00:00:00.000000', '2@gmail.com', 'Dion Spinka', '337.714.4821', 0),
	(3, '10709 Elenora Course, North Rufusland, MS 03954', '2023-11-25 00:00:00.000000', '3@gmail.com', 'Thad Dickinson', '(707) 704-4788', 0),
	(4, 'Apt. 625 480 Jacobs Light, Gleichnerstad, WA 57645', '2023-11-25 00:00:00.000000', '4@gmail.com', 'Chung Funk', '510-415-9928', 0),
	(5, 'Apt. 261 56746 Bettie Port, Schmittshire, FL 28423', '2023-11-25 00:00:00.000000', '5@gmail.com', 'Chauncey Haag', '804-337-7922', 0),
	(6, '61340 Dibbert Haven, New Winona, IL 69691', '2023-11-25 00:00:00.000000', '6@gmail.com', 'Ettie Bednar', '727.662.5286', 0),
	(7, '721 Trent Fall, East Stefanfurt, IN 52610', '2023-11-25 00:00:00.000000', '7@gmail.com', 'Anthony Ruecker PhD', '571.775.2778', 0),
	(8, 'Apt. 958 59831 Bradtke Locks, Rupertside, OR 85797', '2023-11-25 00:00:00.000000', '8@gmail.com', 'Lakesha Heathcote', '(865) 224-5229', 0),
	(9, '715 Tasha Roads, Nancichester, SC 30511', '2023-11-25 00:00:00.000000', '9@gmail.com', 'Franklin Ferry', '1-631-940-3124', 0),
	(10, 'Suite 924 8695 Boyer Valley, Norikomouth, HI 58729', '2023-11-25 00:00:00.000000', '10@gmail.com', 'Alexander Reynolds', '317.478.8203', 0);

-- Dumping structure for table shopping.orders
DROP TABLE IF EXISTS `orders`;
CREATE TABLE IF NOT EXISTS `orders` (
  `order_id` bigint(20) NOT NULL AUTO_INCREMENT,
  `order_date` datetime(6) NOT NULL,
  `cust_id` bigint(20) DEFAULT NULL,
  `employee_id` bigint(20) NOT NULL,
  PRIMARY KEY (`order_id`),
  KEY `FK89iy70txskld506d7n1cfpmpx` (`cust_id`),
  KEY `FKog5v9ga2g2ukytypn4ocip6b4` (`employee_id`),
  CONSTRAINT `FK89iy70txskld506d7n1cfpmpx` FOREIGN KEY (`cust_id`) REFERENCES `customer` (`cust_id`),
  CONSTRAINT `FKog5v9ga2g2ukytypn4ocip6b4` FOREIGN KEY (`employee_id`) REFERENCES `employee` (`emp_id`)
) ENGINE=InnoDB AUTO_INCREMENT=701 DEFAULT CHARSET=utf8mb4 COLLATE=utf8mb4_general_ci;

-- Dumping data for table shopping.orders: ~700 rows (approximately)
INSERT INTO `orders` (`order_id`, `order_date`, `cust_id`, `employee_id`) VALUES
	(1, '2023-11-25 12:53:23.352576', 49, 5),
	(2, '2023-11-25 12:53:23.414386', 7, 6),
	(3, '2023-11-25 12:53:23.421854', 38, 9),
	(4, '2023-11-25 12:53:23.426859', 11, 2),
	(5, '2023-11-25 12:53:23.433193', 24, 1),
	(6, '2023-11-25 12:53:23.440191', 16, 6),
	(7, '2023-11-25 12:53:23.447553', 7, 5),
	(8, '2023-11-25 12:53:23.453552', 26, 4),
	(9, '2023-11-25 12:53:23.462556', 24, 2),
	(10, '2023-11-25 12:53:23.468555', 7, 8),
	(11, '2023-11-25 12:53:23.475654', 19, 4),
	(12, '2023-11-25 12:53:23.481559', 10, 2),
	(13, '2023-11-25 12:53:23.486071', 40, 7),
	(14, '2023-11-25 12:53:23.492070', 1, 4),
	(15, '2023-11-25 12:53:23.498071', 16, 9),
	(16, '2023-11-25 12:53:23.503070', 19, 10),
	(17, '2023-11-25 12:53:23.508069', 25, 1),
	(18, '2023-11-25 12:53:23.513068', 31, 3),
	(19, '2023-11-25 12:53:23.519070', 19, 4),
	(20, '2023-11-25 12:53:23.525559', 42, 2),
	(21, '2023-11-25 12:53:23.529124', 7, 3),
	(22, '2023-11-25 12:53:23.532139', 17, 6),
	(23, '2023-11-25 12:53:23.535596', 16, 6),
	(24, '2023-11-25 12:53:23.538614', 43, 6),
	(25, '2023-11-25 12:53:23.541612', 17, 8),
	(26, '2023-11-25 12:53:23.544620', 42, 4),
	(27, '2023-11-25 12:53:23.547616', 49, 6),
	(28, '2023-11-25 12:53:23.550829', 49, 3),
	(29, '2023-11-25 12:53:23.553849', 49, 9),
	(30, '2023-11-25 12:53:23.556846', 9, 10),
	(31, '2023-11-25 12:53:23.559789', 37, 1),
	(32, '2023-11-25 12:53:23.563815', 14, 3),
	(33, '2023-11-25 12:53:23.567794', 47, 10),
	(34, '2023-11-25 12:53:23.570830', 18, 7),
	(35, '2023-11-25 12:53:23.573823', 36, 5),
	(36, '2023-11-25 12:53:23.575800', 20, 2),
	(37, '2023-11-25 12:53:23.578801', 44, 2),
	(38, '2023-11-25 12:53:23.581518', 40, 2),
	(39, '2023-11-25 12:53:23.583532', 33, 2),
	(40, '2023-11-25 12:53:23.585583', 27, 4),
	(41, '2023-11-25 12:53:23.588578', 35, 9),
	(42, '2023-11-25 12:53:23.590583', 46, 10),
	(43, '2023-11-25 12:53:23.593582', 34, 1),
	(44, '2023-11-25 12:53:23.596585', 35, 2),
	(45, '2023-11-25 12:53:23.598578', 16, 4),
	(46, '2023-11-25 12:53:23.601598', 28, 9),
	(47, '2023-11-25 12:53:23.604054', 8, 2),
	(48, '2023-11-25 12:53:23.606413', 47, 7),
	(49, '2023-11-25 12:53:23.608420', 28, 2),
	(50, '2023-11-25 12:53:23.611420', 49, 7),
	(51, '2023-11-25 12:53:23.614587', 27, 4),
	(52, '2023-11-25 12:53:23.617070', 45, 2),
	(53, '2023-11-25 12:53:23.620069', 47, 9),
	(54, '2023-11-25 12:53:23.623071', 30, 10),
	(55, '2023-11-25 12:53:23.627070', 24, 5),
	(56, '2023-11-25 12:53:23.631076', 15, 2),
	(57, '2023-11-25 12:53:23.636070', 46, 7),
	(58, '2023-11-25 12:53:23.640159', 21, 5),
	(59, '2023-11-25 12:53:23.645156', 16, 4),
	(60, '2023-11-25 12:53:23.651160', 38, 1),
	(61, '2023-11-25 12:53:23.656157', 48, 6),
	(62, '2023-11-25 12:53:23.661157', 41, 4),
	(63, '2023-11-25 12:53:23.666157', 2, 10),
	(64, '2023-11-25 12:53:23.670164', 40, 8),
	(65, '2023-11-25 12:53:23.682370', 6, 8),
	(66, '2023-11-25 12:53:23.690441', 46, 10),
	(67, '2023-11-25 12:53:23.695441', 10, 6),
	(68, '2023-11-25 12:53:23.702441', 3, 6),
	(69, '2023-11-25 12:53:23.708441', 27, 7),
	(70, '2023-11-25 12:53:23.713441', 20, 1),
	(71, '2023-11-25 12:53:23.721441', 32, 6),
	(72, '2023-11-25 12:53:23.727441', 36, 4),
	(73, '2023-11-25 12:53:23.733529', 42, 5),
	(74, '2023-11-25 12:53:23.738591', 6, 6),
	(75, '2023-11-25 12:53:23.742675', 6, 5),
	(76, '2023-11-25 12:53:23.746603', 1, 6),
	(77, '2023-11-25 12:53:23.749591', 1, 4),
	(78, '2023-11-25 12:53:23.753374', 28, 8),
	(79, '2023-11-25 12:53:23.756787', 3, 6),
	(80, '2023-11-25 12:53:23.759792', 3, 6),
	(81, '2023-11-25 12:53:23.761793', 19, 5),
	(82, '2023-11-25 12:53:23.764792', 13, 3),
	(83, '2023-11-25 12:53:23.767792', 4, 10),
	(84, '2023-11-25 12:53:23.769797', 13, 4),
	(85, '2023-11-25 12:53:23.773803', 43, 9),
	(86, '2023-11-25 12:53:23.775797', 38, 9),
	(87, '2023-11-25 12:53:23.778798', 35, 7),
	(88, '2023-11-25 12:53:23.781797', 29, 8),
	(89, '2023-11-25 12:53:23.782797', 7, 2),
	(90, '2023-11-25 12:53:23.786306', 22, 4),
	(91, '2023-11-25 12:53:23.789307', 16, 2),
	(92, '2023-11-25 12:53:23.792124', 3, 6),
	(93, '2023-11-25 12:53:23.794247', 32, 3),
	(94, '2023-11-25 12:53:23.797181', 46, 10),
	(95, '2023-11-25 12:53:23.800184', 47, 8),
	(96, '2023-11-25 12:53:23.803277', 37, 7),
	(97, '2023-11-25 12:53:23.807253', 45, 9),
	(98, '2023-11-25 12:53:23.810219', 46, 9),
	(99, '2023-11-25 12:53:23.812168', 43, 1),
	(100, '2023-11-25 12:53:23.814176', 7, 10),
	(101, '2023-11-25 12:53:23.817196', 3, 5),
	(102, '2023-11-25 12:53:23.818177', 43, 9),
	(103, '2023-11-25 12:53:23.821445', 4, 10),
	(104, '2023-11-25 12:53:23.823440', 37, 6),
	(105, '2023-11-25 12:53:23.826889', 49, 6),
	(106, '2023-11-25 12:53:23.828910', 40, 9),
	(107, '2023-11-25 12:53:23.832384', 44, 4),
	(108, '2023-11-25 12:53:23.838492', 44, 8),
	(109, '2023-11-25 12:53:23.844127', 4, 5),
	(110, '2023-11-25 12:53:23.847562', 41, 3),
	(111, '2023-11-25 12:53:23.854061', 43, 8),
	(112, '2023-11-25 12:53:23.857582', 16, 1),
	(113, '2023-11-25 12:53:23.863942', 38, 6),
	(114, '2023-11-25 12:53:23.870988', 15, 7),
	(115, '2023-11-25 12:53:23.877079', 45, 10),
	(116, '2023-11-25 12:53:23.883248', 38, 9),
	(117, '2023-11-25 12:53:23.888698', 33, 3),
	(118, '2023-11-25 12:53:23.894916', 33, 9),
	(119, '2023-11-25 12:53:23.900142', 1, 2),
	(120, '2023-11-25 12:53:23.905157', 8, 4),
	(121, '2023-11-25 12:53:23.910539', 48, 8),
	(122, '2023-11-25 12:53:23.918034', 39, 10),
	(123, '2023-11-25 12:53:23.923055', 7, 3),
	(124, '2023-11-25 12:53:23.929056', 12, 4),
	(125, '2023-11-25 12:53:23.932062', 38, 8),
	(126, '2023-11-25 12:53:23.936075', 39, 4),
	(127, '2023-11-25 12:53:23.939057', 35, 8),
	(128, '2023-11-25 12:53:23.942662', 39, 10),
	(129, '2023-11-25 12:53:23.948948', 46, 7),
	(130, '2023-11-25 12:53:23.952946', 10, 4),
	(131, '2023-11-25 12:53:23.955967', 19, 4),
	(132, '2023-11-25 12:53:23.958856', 35, 6),
	(133, '2023-11-25 12:53:23.961856', 13, 2),
	(134, '2023-11-25 12:53:23.962852', 25, 8),
	(135, '2023-11-25 12:53:23.964855', 10, 4),
	(136, '2023-11-25 12:53:23.966852', 33, 6),
	(137, '2023-11-25 12:53:23.968854', 17, 5),
	(138, '2023-11-25 12:53:23.969861', 45, 2),
	(139, '2023-11-25 12:53:23.971861', 35, 5),
	(140, '2023-11-25 12:53:23.974867', 44, 5),
	(141, '2023-11-25 12:53:23.978001', 12, 8),
	(142, '2023-11-25 12:53:23.982198', 41, 10),
	(143, '2023-11-25 12:53:23.985258', 11, 10),
	(144, '2023-11-25 12:53:23.989843', 15, 8),
	(145, '2023-11-25 12:53:23.992860', 37, 3),
	(146, '2023-11-25 12:53:23.995848', 18, 7),
	(147, '2023-11-25 12:53:23.998867', 17, 9),
	(148, '2023-11-25 12:53:24.000868', 30, 5),
	(149, '2023-11-25 12:53:24.003866', 49, 7),
	(150, '2023-11-25 12:53:24.006848', 15, 9),
	(151, '2023-11-25 12:53:24.009917', 39, 4),
	(152, '2023-11-25 12:53:24.011931', 19, 8),
	(153, '2023-11-25 12:53:24.014934', 1, 7),
	(154, '2023-11-25 12:53:24.017932', 47, 4),
	(155, '2023-11-25 12:53:24.020934', 48, 5),
	(156, '2023-11-25 12:53:24.023933', 12, 2),
	(157, '2023-11-25 12:53:24.026931', 7, 1),
	(158, '2023-11-25 12:53:24.030935', 49, 10),
	(159, '2023-11-25 12:53:24.036269', 2, 2),
	(160, '2023-11-25 12:53:24.039567', 30, 9),
	(161, '2023-11-25 12:53:24.045632', 33, 6),
	(162, '2023-11-25 12:53:24.052731', 3, 1),
	(163, '2023-11-25 12:53:24.055727', 47, 3),
	(164, '2023-11-25 12:53:24.059738', 40, 3),
	(165, '2023-11-25 12:53:24.063742', 50, 10),
	(166, '2023-11-25 12:53:24.065737', 16, 3),
	(167, '2023-11-25 12:53:24.069899', 48, 8),
	(168, '2023-11-25 12:53:24.074911', 5, 10),
	(169, '2023-11-25 12:53:24.079904', 17, 4),
	(170, '2023-11-25 12:53:24.085684', 7, 4),
	(171, '2023-11-25 12:53:24.087683', 45, 2),
	(172, '2023-11-25 12:53:24.094682', 22, 5),
	(173, '2023-11-25 12:53:24.099675', 14, 9),
	(174, '2023-11-25 12:53:24.108707', 20, 9),
	(175, '2023-11-25 12:53:24.112677', 2, 4),
	(176, '2023-11-25 12:53:24.115684', 39, 5),
	(177, '2023-11-25 12:53:24.118691', 18, 5),
	(178, '2023-11-25 12:53:24.122683', 25, 10),
	(179, '2023-11-25 12:53:24.126685', 10, 2),
	(180, '2023-11-25 12:53:24.132607', 49, 6),
	(181, '2023-11-25 12:53:24.138612', 23, 7),
	(182, '2023-11-25 12:53:24.144620', 19, 4),
	(183, '2023-11-25 12:53:24.151559', 10, 7),
	(184, '2023-11-25 12:53:24.158566', 38, 4),
	(185, '2023-11-25 12:53:24.163562', 34, 1),
	(186, '2023-11-25 12:53:24.168614', 35, 6),
	(187, '2023-11-25 12:53:24.173711', 2, 3),
	(188, '2023-11-25 12:53:24.179520', 35, 9),
	(189, '2023-11-25 12:53:24.186951', 31, 3),
	(190, '2023-11-25 12:53:24.194574', 31, 4),
	(191, '2023-11-25 12:53:24.198576', 9, 1),
	(192, '2023-11-25 12:53:24.205706', 37, 5),
	(193, '2023-11-25 12:53:24.214111', 4, 7),
	(194, '2023-11-25 12:53:24.223223', 6, 5),
	(195, '2023-11-25 12:53:24.227123', 6, 6),
	(196, '2023-11-25 12:53:24.230123', 23, 5),
	(197, '2023-11-25 12:53:24.233125', 15, 5),
	(198, '2023-11-25 12:53:24.238123', 28, 4),
	(199, '2023-11-25 12:53:24.241156', 42, 7),
	(200, '2023-11-25 12:53:24.245128', 9, 1),
	(201, '2023-11-25 12:53:24.250127', 10, 3),
	(202, '2023-11-25 12:53:24.254129', 13, 5),
	(203, '2023-11-25 12:53:24.259141', 47, 1),
	(204, '2023-11-25 12:53:24.267134', 23, 4),
	(205, '2023-11-25 12:53:24.272150', 5, 10),
	(206, '2023-11-25 12:53:24.277148', 14, 1),
	(207, '2023-11-25 12:53:24.281572', 29, 10),
	(208, '2023-11-25 12:53:24.288338', 13, 8),
	(209, '2023-11-25 12:53:24.294325', 17, 4),
	(210, '2023-11-25 12:53:24.300321', 48, 6),
	(211, '2023-11-25 12:53:24.306329', 13, 1),
	(212, '2023-11-25 12:53:24.313367', 19, 4),
	(213, '2023-11-25 12:53:24.318361', 38, 9),
	(214, '2023-11-25 12:53:24.322359', 29, 2),
	(215, '2023-11-25 12:53:24.326363', 20, 6),
	(216, '2023-11-25 12:53:24.330356', 8, 5),
	(217, '2023-11-25 12:53:24.333361', 3, 4),
	(218, '2023-11-25 12:53:24.340357', 38, 2),
	(219, '2023-11-25 12:53:24.344358', 2, 4),
	(220, '2023-11-25 12:53:24.347356', 33, 4),
	(221, '2023-11-25 12:53:24.350357', 41, 8),
	(222, '2023-11-25 12:53:24.354305', 39, 7),
	(223, '2023-11-25 12:53:24.357351', 41, 2),
	(224, '2023-11-25 12:53:24.364361', 32, 10),
	(225, '2023-11-25 12:53:24.369315', 27, 8),
	(226, '2023-11-25 12:53:24.373472', 22, 4),
	(227, '2023-11-25 12:53:24.378375', 40, 7),
	(228, '2023-11-25 12:53:24.382421', 50, 4),
	(229, '2023-11-25 12:53:24.384948', 33, 8),
	(230, '2023-11-25 12:53:24.386952', 23, 3),
	(231, '2023-11-25 12:53:24.389953', 22, 5),
	(232, '2023-11-25 12:53:24.393973', 4, 5),
	(233, '2023-11-25 12:53:24.397183', 39, 1),
	(234, '2023-11-25 12:53:24.399215', 12, 4),
	(235, '2023-11-25 12:53:24.402212', 32, 10),
	(236, '2023-11-25 12:53:24.404211', 35, 8),
	(237, '2023-11-25 12:53:24.406205', 41, 9),
	(238, '2023-11-25 12:53:24.408228', 23, 2),
	(239, '2023-11-25 12:53:24.410225', 31, 10),
	(240, '2023-11-25 12:53:24.412206', 36, 6),
	(241, '2023-11-25 12:53:24.415209', 29, 6),
	(242, '2023-11-25 12:53:24.422971', 40, 3),
	(243, '2023-11-25 12:53:24.427618', 41, 9),
	(244, '2023-11-25 12:53:24.430671', 38, 5),
	(245, '2023-11-25 12:53:24.434001', 21, 4),
	(246, '2023-11-25 12:53:24.439516', 49, 6),
	(247, '2023-11-25 12:53:24.446766', 46, 7),
	(248, '2023-11-25 12:53:24.454153', 30, 7),
	(249, '2023-11-25 12:53:24.460129', 20, 6),
	(250, '2023-11-25 12:53:24.465152', 44, 8),
	(251, '2023-11-25 12:53:24.471141', 13, 1),
	(252, '2023-11-25 12:53:24.475140', 38, 8),
	(253, '2023-11-25 12:53:24.481138', 50, 3),
	(254, '2023-11-25 12:53:24.486594', 2, 7),
	(255, '2023-11-25 12:53:24.490019', 35, 3),
	(256, '2023-11-25 12:53:24.497989', 4, 2),
	(257, '2023-11-25 12:53:24.511020', 4, 5),
	(258, '2023-11-25 12:53:24.514989', 34, 6),
	(259, '2023-11-25 12:53:24.519988', 24, 3),
	(260, '2023-11-25 12:53:24.524992', 30, 1),
	(261, '2023-11-25 12:53:24.529990', 36, 7),
	(262, '2023-11-25 12:53:24.533990', 13, 6),
	(263, '2023-11-25 12:53:24.537989', 2, 10),
	(264, '2023-11-25 12:53:24.540989', 41, 8),
	(265, '2023-11-25 12:53:24.543988', 21, 7),
	(266, '2023-11-25 12:53:24.546990', 5, 10),
	(267, '2023-11-25 12:53:24.551856', 45, 9),
	(268, '2023-11-25 12:53:24.555881', 33, 3),
	(269, '2023-11-25 12:53:24.560882', 9, 2),
	(270, '2023-11-25 12:53:24.563881', 14, 2),
	(271, '2023-11-25 12:53:24.566881', 8, 9),
	(272, '2023-11-25 12:53:24.570888', 38, 6),
	(273, '2023-11-25 12:53:24.574888', 46, 3),
	(274, '2023-11-25 12:53:24.578888', 2, 2),
	(275, '2023-11-25 12:53:24.581887', 40, 5),
	(276, '2023-11-25 12:53:24.587432', 31, 6),
	(277, '2023-11-25 12:53:24.591452', 7, 4),
	(278, '2023-11-25 12:53:24.594432', 24, 7),
	(279, '2023-11-25 12:53:24.598433', 41, 10),
	(280, '2023-11-25 12:53:24.603434', 36, 6),
	(281, '2023-11-25 12:53:24.608436', 39, 10),
	(282, '2023-11-25 12:53:24.614431', 4, 6),
	(283, '2023-11-25 12:53:24.616433', 31, 1),
	(284, '2023-11-25 12:53:24.620462', 48, 3),
	(285, '2023-11-25 12:53:24.624461', 44, 8),
	(286, '2023-11-25 12:53:24.629603', 33, 6),
	(287, '2023-11-25 12:53:24.632602', 50, 4),
	(288, '2023-11-25 12:53:24.638806', 44, 1),
	(289, '2023-11-25 12:53:24.641800', 42, 10),
	(290, '2023-11-25 12:53:24.643819', 44, 10),
	(291, '2023-11-25 12:53:24.646820', 45, 4),
	(292, '2023-11-25 12:53:24.648801', 48, 8),
	(293, '2023-11-25 12:53:24.651801', 7, 4),
	(294, '2023-11-25 12:53:24.654801', 18, 7),
	(295, '2023-11-25 12:53:24.657802', 47, 6),
	(296, '2023-11-25 12:53:24.664802', 3, 8),
	(297, '2023-11-25 12:53:24.670815', 20, 3),
	(298, '2023-11-25 12:53:24.674814', 44, 5),
	(299, '2023-11-25 12:53:24.677814', 13, 7),
	(300, '2023-11-25 12:53:24.680810', 40, 8),
	(301, '2023-11-25 12:53:24.685332', 16, 8),
	(302, '2023-11-25 12:53:24.690844', 1, 6),
	(303, '2023-11-25 12:53:24.694846', 45, 9),
	(304, '2023-11-25 12:53:24.700845', 30, 1),
	(305, '2023-11-25 12:53:24.706843', 10, 3),
	(306, '2023-11-25 12:53:24.711844', 38, 4),
	(307, '2023-11-25 12:53:24.717846', 35, 7),
	(308, '2023-11-25 12:53:24.721843', 24, 5),
	(309, '2023-11-25 12:53:24.726845', 11, 5),
	(310, '2023-11-25 12:53:24.733846', 44, 9),
	(311, '2023-11-25 12:53:24.739844', 25, 8),
	(312, '2023-11-25 12:53:24.746842', 15, 3),
	(313, '2023-11-25 12:53:24.753339', 49, 2),
	(314, '2023-11-25 12:53:24.758351', 15, 8),
	(315, '2023-11-25 12:53:24.763345', 21, 10),
	(316, '2023-11-25 12:53:24.768338', 3, 2),
	(317, '2023-11-25 12:53:24.773360', 8, 8),
	(318, '2023-11-25 12:53:24.777364', 28, 3),
	(319, '2023-11-25 12:53:24.780369', 22, 5),
	(320, '2023-11-25 12:53:24.785362', 34, 7),
	(321, '2023-11-25 12:53:24.801149', 39, 1),
	(322, '2023-11-25 12:53:24.806145', 13, 4),
	(323, '2023-11-25 12:53:24.810515', 39, 8),
	(324, '2023-11-25 12:53:24.812515', 24, 1),
	(325, '2023-11-25 12:53:24.817519', 29, 5),
	(326, '2023-11-25 12:53:24.821518', 46, 8),
	(327, '2023-11-25 12:53:24.824514', 49, 4),
	(328, '2023-11-25 12:53:24.828517', 19, 7),
	(329, '2023-11-25 12:53:24.831517', 18, 1),
	(330, '2023-11-25 12:53:24.835518', 26, 6),
	(331, '2023-11-25 12:53:24.838517', 20, 4),
	(332, '2023-11-25 12:53:24.844963', 43, 1),
	(333, '2023-11-25 12:53:24.849963', 27, 5),
	(334, '2023-11-25 12:53:24.854985', 44, 8),
	(335, '2023-11-25 12:53:24.860105', 27, 6),
	(336, '2023-11-25 12:53:24.864084', 41, 5),
	(337, '2023-11-25 12:53:24.876311', 36, 9),
	(338, '2023-11-25 12:53:24.883295', 27, 9),
	(339, '2023-11-25 12:53:24.887734', 7, 7),
	(340, '2023-11-25 12:53:24.892742', 28, 8),
	(341, '2023-11-25 12:53:24.896737', 20, 8),
	(342, '2023-11-25 12:53:24.902790', 45, 1),
	(343, '2023-11-25 12:53:24.906779', 3, 9),
	(344, '2023-11-25 12:53:24.911007', 8, 8),
	(345, '2023-11-25 12:53:24.917010', 34, 6),
	(346, '2023-11-25 12:53:24.920013', 49, 5),
	(347, '2023-11-25 12:53:24.923430', 32, 5),
	(348, '2023-11-25 12:53:24.927440', 38, 10),
	(349, '2023-11-25 12:53:24.930440', 47, 6),
	(350, '2023-11-25 12:53:24.936383', 40, 4),
	(351, '2023-11-25 12:53:24.939402', 12, 4),
	(352, '2023-11-25 12:53:24.944525', 9, 7),
	(353, '2023-11-25 12:53:24.947985', 30, 5),
	(354, '2023-11-25 12:53:24.951992', 14, 4),
	(355, '2023-11-25 12:53:24.954471', 39, 6),
	(356, '2023-11-25 12:53:24.955987', 31, 6),
	(357, '2023-11-25 12:53:24.959570', 13, 6),
	(358, '2023-11-25 12:53:24.961616', 28, 6),
	(359, '2023-11-25 12:53:24.964576', 36, 8),
	(360, '2023-11-25 12:53:24.966576', 41, 10),
	(361, '2023-11-25 12:53:24.968612', 50, 1),
	(362, '2023-11-25 12:53:24.969575', 26, 10),
	(363, '2023-11-25 12:53:24.972583', 1, 2),
	(364, '2023-11-25 12:53:24.974580', 14, 1),
	(365, '2023-11-25 12:53:24.976581', 39, 5),
	(366, '2023-11-25 12:53:24.979583', 40, 10),
	(367, '2023-11-25 12:53:24.982582', 36, 4),
	(368, '2023-11-25 12:53:24.984582', 3, 5),
	(369, '2023-11-25 12:53:24.987891', 35, 1),
	(370, '2023-11-25 12:53:24.989890', 10, 2),
	(371, '2023-11-25 12:53:24.993022', 23, 2),
	(372, '2023-11-25 12:53:24.997022', 25, 9),
	(373, '2023-11-25 12:53:25.000024', 40, 1),
	(374, '2023-11-25 12:53:25.005024', 31, 8),
	(375, '2023-11-25 12:53:25.009022', 50, 7),
	(376, '2023-11-25 12:53:25.012023', 5, 7),
	(377, '2023-11-25 12:53:25.015022', 39, 1),
	(378, '2023-11-25 12:53:25.017744', 14, 3),
	(379, '2023-11-25 12:53:25.021041', 26, 1),
	(380, '2023-11-25 12:53:25.024434', 42, 3),
	(381, '2023-11-25 12:53:25.028433', 28, 1),
	(382, '2023-11-25 12:53:25.032404', 18, 1),
	(383, '2023-11-25 12:53:25.037672', 31, 6),
	(384, '2023-11-25 12:53:25.043880', 22, 9),
	(385, '2023-11-25 12:53:25.051570', 4, 4),
	(386, '2023-11-25 12:53:25.055570', 45, 2),
	(387, '2023-11-25 12:53:25.058570', 47, 2),
	(388, '2023-11-25 12:53:25.062904', 10, 2),
	(389, '2023-11-25 12:53:25.064876', 24, 10),
	(390, '2023-11-25 12:53:25.067885', 22, 8),
	(391, '2023-11-25 12:53:25.071884', 21, 2),
	(392, '2023-11-25 12:53:25.074884', 16, 9),
	(393, '2023-11-25 12:53:25.077882', 16, 10),
	(394, '2023-11-25 12:53:25.079883', 21, 10),
	(395, '2023-11-25 12:53:25.081883', 47, 9),
	(396, '2023-11-25 12:53:25.083885', 14, 8),
	(397, '2023-11-25 12:53:25.085884', 30, 6),
	(398, '2023-11-25 12:53:25.090158', 47, 6),
	(399, '2023-11-25 12:53:25.094265', 43, 10),
	(400, '2023-11-25 12:53:25.099157', 49, 5),
	(401, '2023-11-25 12:53:25.105271', 12, 1),
	(402, '2023-11-25 12:53:25.110266', 44, 2),
	(403, '2023-11-25 12:53:25.113267', 34, 2),
	(404, '2023-11-25 12:53:25.117263', 42, 9),
	(405, '2023-11-25 12:53:25.121264', 3, 6),
	(406, '2023-11-25 12:53:25.125256', 48, 3),
	(407, '2023-11-25 12:53:25.128257', 41, 2),
	(408, '2023-11-25 12:53:25.133262', 17, 2),
	(409, '2023-11-25 12:53:25.138252', 3, 9),
	(410, '2023-11-25 12:53:25.141277', 14, 2),
	(411, '2023-11-25 12:53:25.145267', 2, 8),
	(412, '2023-11-25 12:53:25.148268', 39, 6),
	(413, '2023-11-25 12:53:25.154272', 36, 6),
	(414, '2023-11-25 12:53:25.156269', 47, 4),
	(415, '2023-11-25 12:53:25.162267', 19, 5),
	(416, '2023-11-25 12:53:25.166268', 29, 9),
	(417, '2023-11-25 12:53:25.170267', 17, 1),
	(418, '2023-11-25 12:53:25.175372', 19, 6),
	(419, '2023-11-25 12:53:25.179373', 1, 8),
	(420, '2023-11-25 12:53:25.191015', 23, 3),
	(421, '2023-11-25 12:53:25.197119', 24, 1),
	(422, '2023-11-25 12:53:25.201117', 15, 9),
	(423, '2023-11-25 12:53:25.207012', 34, 9),
	(424, '2023-11-25 12:53:25.214071', 1, 1),
	(425, '2023-11-25 12:53:25.221127', 34, 3),
	(426, '2023-11-25 12:53:25.226120', 46, 5),
	(427, '2023-11-25 12:53:25.232013', 25, 6),
	(428, '2023-11-25 12:53:25.238009', 2, 4),
	(429, '2023-11-25 12:53:25.244010', 13, 5),
	(430, '2023-11-25 12:53:25.250113', 7, 8),
	(431, '2023-11-25 12:53:25.254011', 29, 10),
	(432, '2023-11-25 12:53:25.260115', 28, 10),
	(433, '2023-11-25 12:53:25.264120', 12, 4),
	(434, '2023-11-25 12:53:25.271116', 6, 5),
	(435, '2023-11-25 12:53:25.277227', 32, 5),
	(436, '2023-11-25 12:53:25.281234', 9, 2),
	(437, '2023-11-25 12:53:25.287840', 48, 3),
	(438, '2023-11-25 12:53:25.293902', 35, 4),
	(439, '2023-11-25 12:53:25.298895', 15, 8),
	(440, '2023-11-25 12:53:25.304849', 2, 5),
	(441, '2023-11-25 12:53:25.310055', 6, 6),
	(442, '2023-11-25 12:53:25.315059', 17, 5),
	(443, '2023-11-25 12:53:25.320094', 13, 6),
	(444, '2023-11-25 12:53:25.326054', 16, 2),
	(445, '2023-11-25 12:53:25.329048', 35, 9),
	(446, '2023-11-25 12:53:25.332049', 13, 6),
	(447, '2023-11-25 12:53:25.336162', 39, 1),
	(448, '2023-11-25 12:53:25.339146', 29, 2),
	(449, '2023-11-25 12:53:25.343171', 36, 8),
	(450, '2023-11-25 12:53:25.347049', 47, 6),
	(451, '2023-11-25 12:53:25.351054', 25, 5),
	(452, '2023-11-25 12:53:25.354049', 41, 9),
	(453, '2023-11-25 12:53:25.356100', 24, 4),
	(454, '2023-11-25 12:53:25.361103', 12, 3),
	(455, '2023-11-25 12:53:25.363128', 3, 4),
	(456, '2023-11-25 12:53:25.365127', 5, 2),
	(457, '2023-11-25 12:53:25.367123', 20, 8),
	(458, '2023-11-25 12:53:25.369129', 39, 5),
	(459, '2023-11-25 12:53:25.371129', 50, 7),
	(460, '2023-11-25 12:53:25.372136', 33, 9),
	(461, '2023-11-25 12:53:25.374644', 25, 8),
	(462, '2023-11-25 12:53:25.376625', 42, 9),
	(463, '2023-11-25 12:53:25.378630', 6, 8),
	(464, '2023-11-25 12:53:25.381416', 33, 6),
	(465, '2023-11-25 12:53:25.383439', 42, 6),
	(466, '2023-11-25 12:53:25.386455', 18, 6),
	(467, '2023-11-25 12:53:25.388557', 16, 10),
	(468, '2023-11-25 12:53:25.394934', 2, 10),
	(469, '2023-11-25 12:53:25.399929', 7, 10),
	(470, '2023-11-25 12:53:25.402948', 32, 3),
	(471, '2023-11-25 12:53:25.406966', 36, 2),
	(472, '2023-11-25 12:53:25.410214', 10, 9),
	(473, '2023-11-25 12:53:25.413743', 23, 10),
	(474, '2023-11-25 12:53:25.416759', 13, 10),
	(475, '2023-11-25 12:53:25.419744', 4, 1),
	(476, '2023-11-25 12:53:25.422763', 28, 5),
	(477, '2023-11-25 12:53:25.425761', 44, 3),
	(478, '2023-11-25 12:53:25.429129', 21, 5),
	(479, '2023-11-25 12:53:25.432149', 32, 8),
	(480, '2023-11-25 12:53:25.435179', 29, 6),
	(481, '2023-11-25 12:53:25.439191', 28, 4),
	(482, '2023-11-25 12:53:25.442173', 46, 5),
	(483, '2023-11-25 12:53:25.445191', 21, 8),
	(484, '2023-11-25 12:53:25.447754', 24, 4),
	(485, '2023-11-25 12:53:25.449811', 11, 1),
	(486, '2023-11-25 12:53:25.452818', 11, 9),
	(487, '2023-11-25 12:53:25.455840', 46, 3),
	(488, '2023-11-25 12:53:25.458840', 26, 1),
	(489, '2023-11-25 12:53:25.461842', 28, 5),
	(490, '2023-11-25 12:53:25.464860', 19, 7),
	(491, '2023-11-25 12:53:25.468860', 42, 6),
	(492, '2023-11-25 12:53:25.471875', 11, 7),
	(493, '2023-11-25 12:53:25.474899', 30, 9),
	(494, '2023-11-25 12:53:25.478899', 50, 9),
	(495, '2023-11-25 12:53:25.483877', 49, 9),
	(496, '2023-11-25 12:53:25.488452', 38, 2),
	(497, '2023-11-25 12:53:25.493426', 4, 3),
	(498, '2023-11-25 12:53:25.496428', 31, 6),
	(499, '2023-11-25 12:53:25.500007', 37, 3),
	(500, '2023-11-25 12:53:25.504642', 31, 6),
	(501, '2023-11-25 12:53:25.507654', 2, 4),
	(502, '2023-11-25 12:53:25.511673', 35, 2),
	(503, '2023-11-25 12:53:25.515648', 19, 10),
	(504, '2023-11-25 12:53:25.518652', 29, 8),
	(505, '2023-11-25 12:53:25.521989', 49, 3),
	(506, '2023-11-25 12:53:25.525987', 47, 7),
	(507, '2023-11-25 12:53:25.531000', 6, 1),
	(508, '2023-11-25 12:53:25.536104', 6, 5),
	(509, '2023-11-25 12:53:25.538107', 32, 3),
	(510, '2023-11-25 12:53:25.541088', 34, 3),
	(511, '2023-11-25 12:53:25.543107', 39, 6),
	(512, '2023-11-25 12:53:25.546109', 2, 3),
	(513, '2023-11-25 12:53:25.550126', 35, 10),
	(514, '2023-11-25 12:53:25.553123', 3, 4),
	(515, '2023-11-25 12:53:25.556123', 41, 5),
	(516, '2023-11-25 12:53:25.561341', 40, 10),
	(517, '2023-11-25 12:53:25.567340', 23, 1),
	(518, '2023-11-25 12:53:25.570338', 7, 6),
	(519, '2023-11-25 12:53:25.572348', 35, 2),
	(520, '2023-11-25 12:53:25.576355', 29, 5),
	(521, '2023-11-25 12:53:25.579347', 49, 5),
	(522, '2023-11-25 12:53:25.581347', 13, 10),
	(523, '2023-11-25 12:53:25.584348', 11, 6),
	(524, '2023-11-25 12:53:25.586351', 15, 5),
	(525, '2023-11-25 12:53:25.588867', 1, 9),
	(526, '2023-11-25 12:53:25.596585', 28, 6),
	(527, '2023-11-25 12:53:25.600614', 6, 5),
	(528, '2023-11-25 12:53:25.602638', 40, 1),
	(529, '2023-11-25 12:53:25.605665', 25, 7),
	(530, '2023-11-25 12:53:25.607639', 30, 8),
	(531, '2023-11-25 12:53:25.609639', 31, 6),
	(532, '2023-11-25 12:53:25.611638', 49, 8),
	(533, '2023-11-25 12:53:25.613638', 9, 3),
	(534, '2023-11-25 12:53:25.615638', 41, 7),
	(535, '2023-11-25 12:53:25.618128', 25, 4),
	(536, '2023-11-25 12:53:25.620148', 11, 6),
	(537, '2023-11-25 12:53:25.623138', 23, 6),
	(538, '2023-11-25 12:53:25.625137', 45, 2),
	(539, '2023-11-25 12:53:25.627136', 13, 2),
	(540, '2023-11-25 12:53:25.629136', 35, 9),
	(541, '2023-11-25 12:53:25.631136', 21, 1),
	(542, '2023-11-25 12:53:25.633155', 8, 9),
	(543, '2023-11-25 12:53:25.635407', 31, 10),
	(544, '2023-11-25 12:53:25.637423', 33, 3),
	(545, '2023-11-25 12:53:25.639609', 28, 3),
	(546, '2023-11-25 12:53:25.641616', 14, 10),
	(547, '2023-11-25 12:53:25.643622', 9, 8),
	(548, '2023-11-25 12:53:25.645620', 3, 2),
	(549, '2023-11-25 12:53:25.647626', 39, 1),
	(550, '2023-11-25 12:53:25.649622', 9, 8),
	(551, '2023-11-25 12:53:25.651622', 20, 1),
	(552, '2023-11-25 12:53:25.653617', 45, 1),
	(553, '2023-11-25 12:53:25.655619', 25, 2),
	(554, '2023-11-25 12:53:25.657624', 13, 6),
	(555, '2023-11-25 12:53:25.659617', 40, 8),
	(556, '2023-11-25 12:53:25.660998', 16, 1),
	(557, '2023-11-25 12:53:25.663006', 45, 10),
	(558, '2023-11-25 12:53:25.665012', 40, 5),
	(559, '2023-11-25 12:53:25.668006', 11, 2),
	(560, '2023-11-25 12:53:25.671007', 40, 2),
	(561, '2023-11-25 12:53:25.673005', 24, 8),
	(562, '2023-11-25 12:53:25.678602', 38, 2),
	(563, '2023-11-25 12:53:25.680610', 29, 7),
	(564, '2023-11-25 12:53:25.684613', 37, 4),
	(565, '2023-11-25 12:53:25.689181', 30, 3),
	(566, '2023-11-25 12:53:25.693184', 39, 8),
	(567, '2023-11-25 12:53:25.698234', 13, 7),
	(568, '2023-11-25 12:53:25.704216', 46, 10),
	(569, '2023-11-25 12:53:25.709187', 35, 9),
	(570, '2023-11-25 12:53:25.715184', 32, 6),
	(571, '2023-11-25 12:53:25.720253', 30, 9),
	(572, '2023-11-25 12:53:25.724227', 35, 7),
	(573, '2023-11-25 12:53:25.729289', 40, 10),
	(574, '2023-11-25 12:53:25.734212', 17, 1),
	(575, '2023-11-25 12:53:25.739183', 6, 8),
	(576, '2023-11-25 12:53:25.744184', 50, 10),
	(577, '2023-11-25 12:53:25.747182', 6, 9),
	(578, '2023-11-25 12:53:25.752741', 10, 9),
	(579, '2023-11-25 12:53:25.755722', 11, 3),
	(580, '2023-11-25 12:53:25.760116', 27, 2),
	(581, '2023-11-25 12:53:25.763134', 46, 6),
	(582, '2023-11-25 12:53:25.766140', 11, 4),
	(583, '2023-11-25 12:53:25.769309', 12, 7),
	(584, '2023-11-25 12:53:25.771363', 26, 9),
	(585, '2023-11-25 12:53:25.774373', 26, 8),
	(586, '2023-11-25 12:53:25.776146', 14, 4),
	(587, '2023-11-25 12:53:25.778171', 13, 6),
	(588, '2023-11-25 12:53:25.781152', 36, 1),
	(589, '2023-11-25 12:53:25.783170', 6, 2),
	(590, '2023-11-25 12:53:25.785151', 19, 4),
	(591, '2023-11-25 12:53:25.786675', 50, 2),
	(592, '2023-11-25 12:53:25.788707', 49, 9),
	(593, '2023-11-25 12:53:25.790707', 17, 8),
	(594, '2023-11-25 12:53:25.792707', 42, 1),
	(595, '2023-11-25 12:53:25.795689', 36, 8),
	(596, '2023-11-25 12:53:25.797689', 12, 10),
	(597, '2023-11-25 12:53:25.799689', 32, 1),
	(598, '2023-11-25 12:53:25.801691', 10, 2),
	(599, '2023-11-25 12:53:25.804689', 7, 5),
	(600, '2023-11-25 12:53:25.806836', 46, 10),
	(601, '2023-11-25 12:53:25.808863', 18, 10),
	(602, '2023-11-25 12:53:25.811860', 27, 9),
	(603, '2023-11-25 12:53:25.813877', 36, 8),
	(604, '2023-11-25 12:53:25.816858', 13, 9),
	(605, '2023-11-25 12:53:25.818858', 22, 3),
	(606, '2023-11-25 12:53:25.820876', 16, 7),
	(607, '2023-11-25 12:53:25.821875', 35, 2),
	(608, '2023-11-25 12:53:25.823875', 36, 9),
	(609, '2023-11-25 12:53:25.825878', 42, 2),
	(610, '2023-11-25 12:53:25.828566', 28, 4),
	(611, '2023-11-25 12:53:25.830508', 2, 5),
	(612, '2023-11-25 12:53:25.832520', 48, 2),
	(613, '2023-11-25 12:53:25.834519', 45, 4),
	(614, '2023-11-25 12:53:25.835522', 26, 9),
	(615, '2023-11-25 12:53:25.837524', 28, 5),
	(616, '2023-11-25 12:53:25.839521', 31, 5),
	(617, '2023-11-25 12:53:25.841522', 33, 5),
	(618, '2023-11-25 12:53:25.843521', 7, 3),
	(619, '2023-11-25 12:53:25.845521', 2, 8),
	(620, '2023-11-25 12:53:25.847497', 35, 5),
	(621, '2023-11-25 12:53:25.848516', 19, 3),
	(622, '2023-11-25 12:53:25.850514', 12, 1),
	(623, '2023-11-25 12:53:25.852515', 1, 7),
	(624, '2023-11-25 12:53:25.854518', 42, 10),
	(625, '2023-11-25 12:53:25.856515', 9, 2),
	(626, '2023-11-25 12:53:25.858514', 26, 6),
	(627, '2023-11-25 12:53:25.859514', 9, 8),
	(628, '2023-11-25 12:53:25.861514', 49, 10),
	(629, '2023-11-25 12:53:25.862514', 49, 9),
	(630, '2023-11-25 12:53:25.864514', 3, 7),
	(631, '2023-11-25 12:53:25.866836', 20, 8),
	(632, '2023-11-25 12:53:25.868838', 15, 8),
	(633, '2023-11-25 12:53:25.871838', 29, 6),
	(634, '2023-11-25 12:53:25.874845', 42, 1),
	(635, '2023-11-25 12:53:25.878846', 11, 7),
	(636, '2023-11-25 12:53:25.883848', 30, 4),
	(637, '2023-11-25 12:53:25.886843', 22, 5),
	(638, '2023-11-25 12:53:25.890907', 25, 9),
	(639, '2023-11-25 12:53:25.895906', 45, 9),
	(640, '2023-11-25 12:53:25.898904', 4, 2),
	(641, '2023-11-25 12:53:25.902904', 39, 2),
	(642, '2023-11-25 12:53:25.905924', 18, 3),
	(643, '2023-11-25 12:53:25.909903', 12, 9),
	(644, '2023-11-25 12:53:25.913902', 35, 5),
	(645, '2023-11-25 12:53:25.918930', 37, 3),
	(646, '2023-11-25 12:53:25.921928', 43, 1),
	(647, '2023-11-25 12:53:25.925930', 2, 7),
	(648, '2023-11-25 12:53:25.929929', 45, 7),
	(649, '2023-11-25 12:53:25.934950', 48, 8),
	(650, '2023-11-25 12:53:25.937953', 43, 2),
	(651, '2023-11-25 12:53:25.942952', 25, 2),
	(652, '2023-11-25 12:53:25.946953', 1, 7),
	(653, '2023-11-25 12:53:25.950951', 31, 5),
	(654, '2023-11-25 12:53:25.954950', 1, 10),
	(655, '2023-11-25 12:53:25.959976', 44, 1),
	(656, '2023-11-25 12:53:25.962951', 1, 9),
	(657, '2023-11-25 12:53:25.965951', 19, 7),
	(658, '2023-11-25 12:53:25.969950', 25, 6),
	(659, '2023-11-25 12:53:25.972982', 45, 7),
	(660, '2023-11-25 12:53:25.976956', 22, 6),
	(661, '2023-11-25 12:53:25.979955', 38, 2),
	(662, '2023-11-25 12:53:25.981955', 7, 1),
	(663, '2023-11-25 12:53:25.986955', 49, 10),
	(664, '2023-11-25 12:53:25.990102', 2, 10),
	(665, '2023-11-25 12:53:25.993102', 32, 1),
	(666, '2023-11-25 12:53:25.995103', 42, 5),
	(667, '2023-11-25 12:53:25.998102', 14, 1),
	(668, '2023-11-25 12:53:26.000509', 12, 2),
	(669, '2023-11-25 12:53:26.002532', 42, 2),
	(670, '2023-11-25 12:53:26.004376', 28, 1),
	(671, '2023-11-25 12:53:26.006392', 43, 9),
	(672, '2023-11-25 12:53:26.008392', 21, 8),
	(673, '2023-11-25 12:53:26.011391', 5, 5),
	(674, '2023-11-25 12:53:26.013397', 23, 1),
	(675, '2023-11-25 12:53:26.015393', 24, 5),
	(676, '2023-11-25 12:53:26.018391', 47, 5),
	(677, '2023-11-25 12:53:26.020393', 18, 9),
	(678, '2023-11-25 12:53:26.022392', 29, 10),
	(679, '2023-11-25 12:53:26.025391', 9, 5),
	(680, '2023-11-25 12:53:26.027572', 37, 1),
	(681, '2023-11-25 12:53:26.029419', 5, 5),
	(682, '2023-11-25 12:53:26.032424', 35, 2),
	(683, '2023-11-25 12:53:26.035453', 8, 1),
	(684, '2023-11-25 12:53:26.037478', 1, 2),
	(685, '2023-11-25 12:53:26.040477', 41, 10),
	(686, '2023-11-25 12:53:26.042478', 23, 9),
	(687, '2023-11-25 12:53:26.044479', 13, 1),
	(688, '2023-11-25 12:53:26.047476', 23, 8),
	(689, '2023-11-25 12:53:26.049478', 4, 6),
	(690, '2023-11-25 12:53:26.052598', 34, 10),
	(691, '2023-11-25 12:53:26.054430', 6, 9),
	(692, '2023-11-25 12:53:26.056439', 32, 9),
	(693, '2023-11-25 12:53:26.059446', 9, 9),
	(694, '2023-11-25 12:53:26.061437', 8, 1),
	(695, '2023-11-25 12:53:26.063437', 32, 1),
	(696, '2023-11-25 12:53:26.066437', 33, 8),
	(697, '2023-11-25 12:53:26.070437', 31, 7),
	(698, '2023-11-25 12:53:26.073445', 34, 7),
	(699, '2023-11-25 12:53:26.081038', 40, 2),
	(700, '2023-11-25 12:53:26.094663', 2, 1);

-- Dumping structure for table shopping.order_detail
DROP TABLE IF EXISTS `order_detail`;
CREATE TABLE IF NOT EXISTS `order_detail` (
  `note` varchar(255) DEFAULT NULL,
  `price` double NOT NULL,
  `quantity` double NOT NULL,
  `order_id` bigint(20) NOT NULL,
  `product_id` bigint(20) NOT NULL,
  PRIMARY KEY (`order_id`,`product_id`),
  KEY `FKb8bg2bkty0oksa3wiq5mp5qnc` (`product_id`),
  CONSTRAINT `FKb8bg2bkty0oksa3wiq5mp5qnc` FOREIGN KEY (`product_id`) REFERENCES `product` (`product_id`),
  CONSTRAINT `FKrws2q0si6oyd6il8gqe2aennc` FOREIGN KEY (`order_id`) REFERENCES `orders` (`order_id`)
) ENGINE=InnoDB DEFAULT CHARSET=utf8mb4 COLLATE=utf8mb4_general_ci;

-- Dumping data for table shopping.order_detail: ~1,386 rows (approximately)
INSERT INTO `order_detail` (`note`, `price`, `quantity`, `order_id`, `product_id`) VALUES
	(NULL, 354849, 10, 1, 1),
	(NULL, 484872, 10, 1, 2),
	(NULL, 303776, 10, 1, 3),
	(NULL, 520893, 10, 1, 4),
	(NULL, 554694, 10, 1, 5),
	(NULL, 384417, 10, 1, 6),
	(NULL, 963216, 10, 1, 7),
	(NULL, 88908, 10, 1, 8),
	(NULL, 543296, 10, 1, 9),
	(NULL, 199104, 10, 1, 10),
	(NULL, 354849, 10, 2, 1),
	(NULL, 484872, 10, 2, 2),
	(NULL, 303776, 10, 2, 3),
	(NULL, 520893, 10, 2, 4),
	(NULL, 554694, 10, 2, 5),
	(NULL, 384417, 10, 2, 6),
	(NULL, 963216, 10, 2, 7),
	(NULL, 88908, 10, 2, 8),
	(NULL, 543296, 10, 2, 9),
	(NULL, 199104, 10, 2, 10),
	(NULL, 99200, 1, 5, 27),
	(NULL, 649553, 1, 5, 47),
	(NULL, 183070, 1, 5, 79),
	(NULL, 53158, 1, 5, 226),
	(NULL, 973797, 1, 5, 250),
	(NULL, 649553, 1, 6, 47),
	(NULL, 247474, 1, 6, 52),
	(NULL, 725012, 1, 6, 148),
	(NULL, 832818, 1, 6, 275),
	(NULL, 199104, 1, 7, 10),
	(NULL, 366200, 1, 8, 151),
	(NULL, 959741, 1, 8, 230),
	(NULL, 751611, 1, 9, 64),
	(NULL, 677000.7494171591, 39, 20, 25),
	(NULL, 188366.51181454843, 49, 20, 114),
	(NULL, 270683.6724070243, 90, 20, 163),
	(NULL, 731245.9106310484, 42, 20, 197),
	(NULL, 818819.3158499529, 68, 20, 243),
	(NULL, 809034.2818370642, 21, 21, 94),
	(NULL, 766342.9960854345, 22, 22, 63),
	(NULL, 282972.15896811633, 99, 22, 67),
	(NULL, 537035.8188200754, 19, 22, 133),
	(NULL, 184389.00180294583, 18, 22, 202),
	(NULL, 524007.07737572317, 26, 22, 220),
	(NULL, 474229.8851078718, 74, 22, 226),
	(NULL, 221174.81538554007, 82, 22, 259),
	(NULL, 421590.59276850754, 100, 22, 261),
	(NULL, 602508.3332280769, 17, 23, 182),
	(NULL, 109183.94873610005, 20, 24, 7),
	(NULL, 255172.1097553462, 37, 24, 34),
	(NULL, 30311.695491137325, 79, 24, 48),
	(NULL, 46146.155332703274, 12, 24, 126),
	(NULL, 756330.6454330961, 87, 24, 187),
	(NULL, 582922.5535343151, 56, 24, 219),
	(NULL, 291269.2185761168, 66, 24, 236),
	(NULL, 313726.1974798523, 40, 25, 159),
	(NULL, 808611.9150208607, 75, 25, 168),
	(NULL, 585668.7762104569, 51, 25, 242),
	(NULL, 758461.7775484478, 67, 25, 256),
	(NULL, 500087.5693250603, 82, 27, 16),
	(NULL, 3407.101509262045, 44, 27, 29),
	(NULL, 15522.297941789055, 52, 27, 66),
	(NULL, 522459.5664167122, 45, 27, 95),
	(NULL, 866908.1156456147, 46, 27, 99),
	(NULL, 852626.6482621308, 5, 27, 122),
	(NULL, 538769.5312568117, 92, 27, 151),
	(NULL, 852657.7482653047, 50, 27, 209),
	(NULL, 48784.08281932123, 47, 30, 46),
	(NULL, 61875.00856261996, 56, 30, 160),
	(NULL, 690627.7984732295, 79, 30, 181),
	(NULL, 68140.96897513521, 41, 30, 209),
	(NULL, 631783.71407475, 26, 30, 217),
	(NULL, 124233.06598255402, 5, 31, 3),
	(NULL, 174936.5233363982, 31, 31, 116),
	(NULL, 492841.1100401633, 16, 31, 191),
	(NULL, 674174.9016065467, 75, 32, 70),
	(NULL, 881147.082750438, 33, 32, 140),
	(NULL, 967374.2353378462, 97, 32, 164),
	(NULL, 791050.4140160258, 67, 33, 13),
	(NULL, 671363.6130560044, 59, 33, 73),
	(NULL, 846.6384699387097, 5, 34, 79),
	(NULL, 445269.7522738696, 24, 34, 127),
	(NULL, 639317.2624094032, 13, 34, 140),
	(NULL, 532613.577312949, 70, 34, 180),
	(NULL, 979116.734153285, 69, 36, 31),
	(NULL, 451329.4727231727, 43, 36, 106),
	(NULL, 140251.90935741927, 2, 36, 131),
	(NULL, 715511.2845294606, 68, 36, 139),
	(NULL, 729902.5580273493, 96, 36, 210),
	(NULL, 613167.4028788507, 70, 36, 225),
	(NULL, 558242.2285898657, 80, 36, 261),
	(NULL, 495232.5560205435, 78, 36, 280),
	(NULL, 396290.8260922444, 70, 37, 39),
	(NULL, 656568.1607299017, 98, 37, 169),
	(NULL, 139437.8406477753, 94, 38, 33),
	(NULL, 715006.2799949211, 98, 38, 213),
	(NULL, 527125.0051253948, 61, 39, 10),
	(NULL, 297793.67384483555, 54, 39, 82),
	(NULL, 113919.78312034601, 77, 39, 235),
	(NULL, 817557.264437012, 7, 39, 236),
	(NULL, 414845.4628096318, 8, 39, 244),
	(NULL, 590075.3715271243, 60, 39, 249),
	(NULL, 705053.1012894177, 17, 40, 140),
	(NULL, 548849.451102977, 22, 40, 196),
	(NULL, 188682.76589888977, 7, 40, 283),
	(NULL, 541.7062717858468, 98, 40, 298),
	(NULL, 366562.3655340479, 98, 41, 8),
	(NULL, 193085.06329569742, 53, 41, 32),
	(NULL, 169406.43460468852, 17, 41, 94),
	(NULL, 489038.5346040124, 66, 41, 106),
	(NULL, 523079.4901449225, 52, 41, 123),
	(NULL, 906003.7624342846, 38, 41, 234),
	(NULL, 194880.4876622875, 78, 41, 280),
	(NULL, 728158.9367858503, 64, 42, 34),
	(NULL, 892513.281111002, 4, 42, 84),
	(NULL, 352621.8427419093, 42, 42, 249),
	(NULL, 964504.6856312373, 24, 42, 261),
	(NULL, 455742.1182521716, 1, 43, 41),
	(NULL, 10785.7670375483, 86, 43, 50),
	(NULL, 398366.2130517586, 95, 43, 193),
	(NULL, 214643.90004950884, 90, 43, 206),
	(NULL, 883448.283958554, 91, 43, 224),
	(NULL, 140988.22522614695, 65, 43, 292),
	(NULL, 543765.0259790613, 53, 44, 1),
	(NULL, 312221.07677724055, 6, 44, 71),
	(NULL, 128708.46429374127, 100, 44, 138),
	(NULL, 946460.2685252439, 44, 44, 197),
	(NULL, 924840.3859027043, 47, 44, 268),
	(NULL, 967102.1788636483, 11, 45, 46),
	(NULL, 297425.4647648261, 68, 46, 125),
	(NULL, 864176.2793198747, 37, 46, 133),
	(NULL, 521902.8427160098, 1, 47, 61),
	(NULL, 4527.876907070905, 74, 47, 91),
	(NULL, 694403.8582132569, 19, 47, 101),
	(NULL, 365058.3402576201, 34, 47, 114),
	(NULL, 400365.40299866465, 91, 47, 142),
	(NULL, 981149.0913094977, 39, 47, 169),
	(NULL, 560174.433656316, 87, 47, 221),
	(NULL, 842254.0867856976, 42, 47, 234),
	(NULL, 146370.1173938453, 72, 47, 245),
	(NULL, 784184.4605729756, 48, 48, 133),
	(NULL, 400499.01270884456, 93, 48, 230),
	(NULL, 120252.26150422986, 26, 49, 75),
	(NULL, 911180.1308131092, 15, 49, 125),
	(NULL, 437014.5525152659, 45, 50, 35),
	(NULL, 477076.2476507222, 27, 50, 45),
	(NULL, 826743.8628374081, 46, 50, 151),
	(NULL, 336974.71233081643, 8, 50, 244),
	(NULL, 676906.2911896951, 76, 50, 253),
	(NULL, 436511.6448708192, 37, 52, 78),
	(NULL, 702222.8291997561, 84, 52, 150),
	(NULL, 853934.931543523, 24, 53, 57),
	(NULL, 310613.9836615347, 51, 53, 105),
	(NULL, 246628.81473537712, 45, 53, 132),
	(NULL, 61277.55962250681, 72, 53, 270),
	(NULL, 849143.2317700788, 87, 53, 293),
	(NULL, 394303.9407236569, 66, 53, 297),
	(NULL, 62452.37615130328, 31, 55, 30),
	(NULL, 334388.3348751449, 24, 55, 82),
	(NULL, 347501.00205875543, 76, 55, 94),
	(NULL, 412439.96344174905, 38, 55, 151),
	(NULL, 481754.26746780105, 72, 55, 189),
	(NULL, 169401.1424787111, 3, 55, 206),
	(NULL, 858031.5598887402, 63, 55, 207),
	(NULL, 175241.6648194922, 98, 55, 287),
	(NULL, 267382.2532600231, 11, 56, 10),
	(NULL, 658039.0864712669, 39, 56, 293),
	(NULL, 139593.74973380668, 48, 56, 297),
	(NULL, 225938.95079613192, 66, 58, 14),
	(NULL, 236505.82977347967, 82, 58, 30),
	(NULL, 98876.41332220631, 84, 58, 57),
	(NULL, 187353.64537907328, 37, 58, 100),
	(NULL, 843021.2138171734, 66, 58, 156),
	(NULL, 503102.06351514254, 19, 58, 253),
	(NULL, 613061.4850435184, 88, 59, 38),
	(NULL, 111199.08976898974, 78, 59, 59),
	(NULL, 545687.5679651747, 14, 59, 157),
	(NULL, 692158.249925573, 100, 59, 168),
	(NULL, 34605.85821020057, 92, 59, 202),
	(NULL, 281839.69075761206, 22, 59, 208),
	(NULL, 472455.2219283641, 24, 59, 222),
	(NULL, 353438.0011875774, 43, 59, 237),
	(NULL, 851314.3867856968, 43, 60, 52),
	(NULL, 223216.3454758146, 13, 60, 68),
	(NULL, 531545.5148063998, 38, 60, 69),
	(NULL, 690387.1781334367, 50, 60, 110),
	(NULL, 335401.7185577776, 35, 60, 139),
	(NULL, 823981.91141158, 46, 60, 153),
	(NULL, 120612.73305560094, 74, 60, 164),
	(NULL, 915340.3261689576, 42, 60, 201),
	(NULL, 289709.5849621101, 31, 60, 256),
	(NULL, 320254.915445231, 93, 62, 41),
	(NULL, 377028.08893626474, 19, 63, 34),
	(NULL, 538219.5037163232, 62, 63, 39),
	(NULL, 984106.265067188, 85, 63, 79),
	(NULL, 176957.173284245, 4, 63, 98),
	(NULL, 749581.2449377808, 55, 63, 118),
	(NULL, 576751.4628670892, 55, 63, 170),
	(NULL, 545689.5241530503, 72, 63, 241),
	(NULL, 589155.689349189, 41, 63, 261),
	(NULL, 140290.93694759774, 44, 65, 111),
	(NULL, 386094.7927710814, 41, 66, 14),
	(NULL, 231240.19261724217, 62, 66, 40),
	(NULL, 628810.5082090542, 89, 66, 80),
	(NULL, 206904.41433208706, 21, 66, 85),
	(NULL, 372420.3475068487, 4, 66, 145),
	(NULL, 778862.5004038503, 72, 66, 161),
	(NULL, 884020.497469925, 25, 66, 205),
	(NULL, 162814.65668077045, 14, 67, 149),
	(NULL, 249861.4817848277, 31, 68, 51),
	(NULL, 785112.6017445197, 17, 68, 225),
	(NULL, 416176.22506333876, 10, 68, 254),
	(NULL, 490036.1848611949, 75, 68, 265),
	(NULL, 204605.88372904988, 46, 68, 267),
	(NULL, 522006.76551533345, 43, 69, 40),
	(NULL, 971409.7069495324, 76, 69, 76),
	(NULL, 152923.9886992363, 43, 69, 181),
	(NULL, 708149.1620605382, 91, 69, 207),
	(NULL, 584806.9928000924, 60, 70, 28),
	(NULL, 860118.8555911852, 9, 70, 80),
	(NULL, 869245.3197969759, 22, 70, 89),
	(NULL, 34930.78342548572, 57, 70, 124),
	(NULL, 98172.3721369967, 80, 70, 202),
	(NULL, 712626.2948420515, 47, 70, 270),
	(NULL, 719720.4636922223, 8, 71, 31),
	(NULL, 993552.0478802638, 78, 71, 154),
	(NULL, 996867.999983635, 48, 71, 189),
	(NULL, 453740.14402189513, 3, 71, 204),
	(NULL, 390202.1524827699, 43, 71, 276),
	(NULL, 249503.37423896606, 40, 71, 284),
	(NULL, 133195.30053647177, 30, 72, 12),
	(NULL, 981496.0508093585, 15, 72, 60),
	(NULL, 828066.0190202389, 37, 72, 65),
	(NULL, 262942.9736281609, 39, 72, 148),
	(NULL, 377379.54523067916, 49, 72, 184),
	(NULL, 96702.51848935796, 75, 72, 215),
	(NULL, 850833.5379674418, 3, 72, 250),
	(NULL, 990193.4294542082, 46, 72, 270),
	(NULL, 391419.9009417413, 17, 72, 271),
	(NULL, 202730.16360012608, 28, 73, 14),
	(NULL, 377330.7553342452, 59, 73, 18),
	(NULL, 12279.59099347653, 54, 73, 24),
	(NULL, 543068.546143116, 75, 73, 60),
	(NULL, 971223.955014203, 27, 73, 158),
	(NULL, 220773.17294040887, 53, 73, 252),
	(NULL, 973862.8309912162, 64, 73, 274),
	(NULL, 494888.7258263152, 45, 74, 165),
	(NULL, 567709.4936625552, 20, 74, 222),
	(NULL, 967546.3070518668, 5, 75, 16),
	(NULL, 681186.9866554659, 62, 75, 89),
	(NULL, 624146.9929427427, 6, 75, 100),
	(NULL, 303120.5382044464, 58, 75, 104),
	(NULL, 521563.7641752239, 53, 75, 141),
	(NULL, 778862.5765343198, 73, 75, 172),
	(NULL, 547637.0439761061, 31, 76, 89),
	(NULL, 44080.357856521754, 88, 76, 100),
	(NULL, 690155.1588560123, 49, 76, 164),
	(NULL, 642309.5495599853, 96, 76, 179),
	(NULL, 558742.6714040148, 97, 76, 197),
	(NULL, 512751.44567684917, 100, 77, 27),
	(NULL, 623307.1015145705, 88, 77, 39),
	(NULL, 220487.24545021437, 15, 77, 48),
	(NULL, 56131.13769421163, 40, 77, 59),
	(NULL, 403686.1807437727, 79, 77, 127),
	(NULL, 561111.5150373147, 25, 77, 151),
	(NULL, 418268.669543665, 49, 77, 186),
	(NULL, 377167.42028320127, 5, 77, 212),
	(NULL, 46546.538244912175, 47, 77, 266),
	(NULL, 802535.2098540151, 22, 78, 7),
	(NULL, 312244.3917433003, 79, 78, 27),
	(NULL, 491512.43626335997, 94, 78, 207),
	(NULL, 805357.4298332006, 77, 78, 260),
	(NULL, 93578.30075759099, 86, 78, 264),
	(NULL, 293872.40126400284, 12, 78, 272),
	(NULL, 995279.4737043704, 100, 79, 3),
	(NULL, 384373.8112032201, 53, 79, 30),
	(NULL, 534642.6396073105, 38, 79, 165),
	(NULL, 999231.3567092929, 57, 79, 184),
	(NULL, 17229.60904979054, 60, 80, 30),
	(NULL, 218274.2041284288, 54, 80, 91),
	(NULL, 997645.9278498478, 91, 80, 122),
	(NULL, 117300.15867415811, 98, 80, 152),
	(NULL, 626296.257569651, 45, 80, 157),
	(NULL, 993537.1791249091, 81, 80, 178),
	(NULL, 143506.26809963063, 70, 80, 232),
	(NULL, 284377.0670749363, 24, 80, 243),
	(NULL, 387616.830553109, 2, 80, 244),
	(NULL, 798141.5901989521, 35, 81, 54),
	(NULL, 684503.6239465404, 78, 81, 153),
	(NULL, 636695.7028836616, 90, 81, 246),
	(NULL, 241985.9561245793, 53, 82, 66),
	(NULL, 784963.6888813189, 40, 82, 278),
	(NULL, 776122.3662835412, 78, 83, 26),
	(NULL, 206879.64459782914, 28, 83, 77),
	(NULL, 221672.5032652429, 67, 83, 120),
	(NULL, 419013.4581500354, 4, 83, 147),
	(NULL, 936140.3224223567, 9, 83, 204),
	(NULL, 870063.9942566776, 10, 83, 228),
	(NULL, 429027.06633843156, 98, 83, 232),
	(NULL, 911712.190597272, 51, 83, 281),
	(NULL, 693684.3690743984, 49, 84, 11),
	(NULL, 138557.6843100137, 14, 84, 27),
	(NULL, 454622.6369876567, 21, 84, 48),
	(NULL, 395129.3596591958, 8, 84, 97),
	(NULL, 387483.35961796634, 11, 84, 110),
	(NULL, 92739.50816409271, 36, 84, 260),
	(NULL, 896292.2521608929, 44, 84, 267),
	(NULL, 495865.9322683812, 55, 84, 283),
	(NULL, 809476.8681516036, 32, 85, 97),
	(NULL, 30635.090273345657, 2, 85, 111),
	(NULL, 307036.61061077105, 14, 85, 134),
	(NULL, 349508.8956444732, 17, 85, 149),
	(NULL, 68408.7271307603, 86, 85, 158),
	(NULL, 345327.38749029965, 96, 85, 179),
	(NULL, 686095.7472746108, 64, 85, 197),
	(NULL, 466250.3691672546, 7, 85, 209),
	(NULL, 845326.4678488526, 22, 87, 7),
	(NULL, 977623.807101502, 30, 87, 77),
	(NULL, 102873.43698424567, 6, 87, 97),
	(NULL, 393830.55971581204, 9, 87, 239),
	(NULL, 686208.5761436214, 42, 88, 24),
	(NULL, 419769.9212016234, 61, 88, 56),
	(NULL, 614700.2173267553, 42, 88, 80),
	(NULL, 999826.5456723649, 1, 88, 164),
	(NULL, 944800.7135771265, 32, 88, 245),
	(NULL, 922108.7433210224, 37, 89, 153),
	(NULL, 116711.91960415394, 18, 89, 161),
	(NULL, 494838.4915465961, 11, 89, 174),
	(NULL, 558170.3890284173, 36, 89, 240),
	(NULL, 143246.52758748224, 85, 89, 261),
	(NULL, 84001.71534108325, 35, 90, 14),
	(NULL, 478469.3820370652, 34, 90, 262),
	(NULL, 627446.6597874837, 72, 91, 84),
	(NULL, 774440.6479337534, 75, 91, 108),
	(NULL, 932999.6725941953, 15, 91, 119),
	(NULL, 336320.85970062186, 84, 91, 135),
	(NULL, 853999.2541152854, 74, 91, 159),
	(NULL, 579242.2271498077, 42, 91, 231),
	(NULL, 129889.628290358, 91, 92, 296),
	(NULL, 279805.4273914278, 71, 93, 52),
	(NULL, 117162.76466184971, 15, 93, 66),
	(NULL, 614645.3005078789, 77, 93, 118),
	(NULL, 840773.0436629945, 81, 93, 134),
	(NULL, 8992.25726634112, 13, 94, 9),
	(NULL, 608423.9329532995, 74, 94, 61),
	(NULL, 521732.1014219518, 56, 94, 120),
	(NULL, 829330.6137267987, 44, 96, 56),
	(NULL, 271755.4046045345, 12, 96, 96),
	(NULL, 742815.9094234655, 83, 96, 162),
	(NULL, 25228.522544553987, 83, 96, 190),
	(NULL, 692563.8758644991, 97, 96, 196),
	(NULL, 604951.8734754008, 41, 96, 215),
	(NULL, 10471.693089048717, 86, 97, 37),
	(NULL, 868986.7870395278, 11, 97, 116),
	(NULL, 370662.2214065569, 58, 97, 246),
	(NULL, 836769.6764527096, 37, 97, 282),
	(NULL, 567606.4263439509, 49, 98, 21),
	(NULL, 674405.600557076, 44, 98, 69),
	(NULL, 55460.19847100636, 13, 98, 73),
	(NULL, 880162.166129847, 10, 98, 245),
	(NULL, 957016.3124731722, 86, 98, 269),
	(NULL, 607064.8102857836, 100, 98, 276),
	(NULL, 226028.53051057347, 92, 98, 277),
	(NULL, 893854.7509427093, 92, 99, 113),
	(NULL, 901788.6472446638, 67, 99, 155),
	(NULL, 28264.366937748255, 90, 99, 196),
	(NULL, 297083.3145207007, 3, 99, 297),
	(NULL, 58845.52470865001, 35, 100, 203),
	(NULL, 219242.0895739796, 46, 100, 224),
	(NULL, 821083.499376134, 31, 100, 252),
	(NULL, 248338.83121308775, 81, 100, 254),
	(NULL, 278494.71927896864, 8, 100, 261),
	(NULL, 497756.28057573276, 95, 100, 287),
	(NULL, 991680.7260885442, 48, 101, 30),
	(NULL, 155307.92895339974, 25, 101, 34),
	(NULL, 417333.61574232654, 83, 101, 97),
	(NULL, 583342.116740405, 72, 101, 157),
	(NULL, 62585.64727809191, 57, 101, 167),
	(NULL, 973846.7882553919, 59, 101, 221),
	(NULL, 423992.5545732824, 59, 101, 231),
	(NULL, 299348.5770439006, 45, 101, 267),
	(NULL, 940527.4323092193, 8, 102, 18),
	(NULL, 921298.5204630917, 53, 102, 91),
	(NULL, 625640.3901516985, 83, 102, 135),
	(NULL, 308257.4719164346, 89, 102, 230),
	(NULL, 188372.39942756956, 67, 102, 235),
	(NULL, 435891.065525706, 75, 103, 4),
	(NULL, 248360.1672416156, 33, 103, 92),
	(NULL, 365579.8393575159, 82, 103, 100),
	(NULL, 336076.1444679149, 28, 103, 134),
	(NULL, 929554.87269675, 94, 103, 158),
	(NULL, 248779.63336447984, 59, 103, 198),
	(NULL, 938232.8597221285, 58, 103, 205),
	(NULL, 845735.3358561867, 36, 103, 232),
	(NULL, 366611.7062789337, 73, 103, 292),
	(NULL, 615710.1488058455, 31, 104, 283),
	(NULL, 157226.42700291, 3, 105, 99),
	(NULL, 484813.84803106973, 16, 105, 111),
	(NULL, 849530.1272576504, 87, 105, 134),
	(NULL, 738773.1840082266, 99, 105, 199),
	(NULL, 389621.18771023734, 50, 105, 262),
	(NULL, 815469.3461544067, 13, 105, 288),
	(NULL, 67991.96140842167, 59, 106, 35),
	(NULL, 320737.90456811193, 81, 106, 162),
	(NULL, 504869.20206541853, 81, 106, 238),
	(NULL, 74234.07819249129, 28, 106, 288),
	(NULL, 154144.3528164439, 79, 107, 13),
	(NULL, 776339.1605469775, 39, 107, 126),
	(NULL, 109410.14672996585, 91, 107, 157),
	(NULL, 924569.4869915629, 73, 107, 293),
	(NULL, 775176.9073533677, 82, 108, 17),
	(NULL, 746488.0134312996, 70, 108, 22),
	(NULL, 840350.0082747091, 89, 108, 101),
	(NULL, 929485.3598829014, 87, 108, 116),
	(NULL, 251734.2015593387, 82, 108, 194),
	(NULL, 531751.4106399192, 60, 108, 250),
	(NULL, 766842.442901286, 1, 108, 256),
	(NULL, 486344.7301529206, 13, 108, 285),
	(NULL, 87680.47691068592, 62, 109, 82),
	(NULL, 457978.5151971537, 60, 109, 95),
	(NULL, 495824.4172631644, 61, 109, 122),
	(NULL, 147188.25406702008, 38, 109, 176),
	(NULL, 60042.166513462944, 7, 109, 256),
	(NULL, 614020.4044582742, 2, 109, 264),
	(NULL, 608978.1720334037, 35, 109, 291),
	(NULL, 52544.63378459306, 4, 110, 169),
	(NULL, 724986.474578278, 42, 111, 9),
	(NULL, 867189.5759367045, 39, 111, 84),
	(NULL, 261311.26495292946, 16, 111, 106),
	(NULL, 384031.3931287617, 11, 111, 115),
	(NULL, 858341.9587692734, 14, 111, 145),
	(NULL, 381820.01718149584, 83, 111, 179),
	(NULL, 15350.010957670524, 50, 111, 221),
	(NULL, 154864.9303077354, 78, 111, 252),
	(NULL, 570606.6279023548, 7, 111, 269),
	(NULL, 790283.7424599407, 78, 112, 27),
	(NULL, 292416.7442262745, 15, 112, 91),
	(NULL, 54277.99355727891, 93, 112, 134),
	(NULL, 597397.9155659762, 56, 112, 141),
	(NULL, 379361.78390979633, 86, 112, 193),
	(NULL, 208832.94462663616, 4, 112, 274),
	(NULL, 700042.8388229476, 82, 112, 295),
	(NULL, 896534.9515391438, 100, 113, 25),
	(NULL, 407824.9998333926, 25, 113, 89),
	(NULL, 792231.4187614758, 44, 113, 225),
	(NULL, 652482.9069812112, 3, 113, 232),
	(NULL, 382793.1721019029, 32, 115, 21),
	(NULL, 886393.6757103608, 87, 115, 40),
	(NULL, 239163.1250956875, 99, 115, 181),
	(NULL, 781618.2971387841, 27, 115, 238),
	(NULL, 812634.078883189, 60, 115, 282),
	(NULL, 223686.01973335733, 54, 116, 1),
	(NULL, 601414.5448794708, 83, 116, 20),
	(NULL, 163439.8723924637, 78, 116, 85),
	(NULL, 605420.2152353751, 57, 116, 92),
	(NULL, 763276.8767743949, 74, 116, 157),
	(NULL, 790362.9042568671, 51, 116, 163),
	(NULL, 677019.9082752846, 10, 116, 254),
	(NULL, 701033.1982747477, 74, 116, 257),
	(NULL, 807047.8171089066, 43, 117, 9),
	(NULL, 977714.0794625833, 92, 117, 177),
	(NULL, 4201.614074577642, 10, 117, 216),
	(NULL, 910319.2684043508, 46, 117, 228),
	(NULL, 91138.47294813316, 64, 118, 49),
	(NULL, 570656.1587942033, 23, 118, 214),
	(NULL, 723790.2195877739, 45, 118, 289),
	(NULL, 892055.9494674355, 85, 119, 24),
	(NULL, 767047.1600230486, 26, 119, 35),
	(NULL, 645699.4698008947, 73, 119, 81),
	(NULL, 205705.94183614143, 22, 119, 147),
	(NULL, 168759.33159750022, 69, 119, 162),
	(NULL, 158505.9262642211, 76, 119, 260),
	(NULL, 137923.15691064016, 33, 120, 146),
	(NULL, 568232.6585611203, 43, 120, 148),
	(NULL, 230613.50784028368, 44, 121, 23),
	(NULL, 211188.76304595004, 92, 121, 26),
	(NULL, 740112.1758824458, 8, 121, 59),
	(NULL, 169126.12096102364, 98, 121, 163),
	(NULL, 591794.0207858217, 82, 121, 241),
	(NULL, 594501.1246712432, 61, 122, 18),
	(NULL, 293750.7933083496, 17, 122, 95),
	(NULL, 550389.4290623037, 95, 122, 132),
	(NULL, 540454.1633572739, 6, 122, 181),
	(NULL, 833965.1164200815, 12, 122, 183),
	(NULL, 55031.53663076366, 47, 122, 201),
	(NULL, 959880.7644784589, 68, 122, 242),
	(NULL, 907290.6048124705, 3, 122, 250),
	(NULL, 327633.37352534203, 77, 122, 290),
	(NULL, 144222.1214405025, 83, 123, 270),
	(NULL, 459888.04769390123, 95, 124, 54),
	(NULL, 253854.9661430316, 56, 124, 146),
	(NULL, 926193.1802059679, 83, 124, 255),
	(NULL, 603428.1993376362, 54, 125, 55),
	(NULL, 905547.2874133172, 80, 125, 134),
	(NULL, 168025.14716978444, 74, 125, 205),
	(NULL, 323854.3531931093, 37, 126, 139),
	(NULL, 759912.2848608003, 67, 126, 271),
	(NULL, 266343.82187588845, 53, 127, 6),
	(NULL, 804681.3052953932, 11, 127, 199),
	(NULL, 815724.0642917772, 7, 127, 234),
	(NULL, 982700.6818819136, 18, 127, 245),
	(NULL, 865219.5691262439, 78, 127, 247),
	(NULL, 849819.6215945099, 10, 127, 259),
	(NULL, 365090.41579838487, 19, 127, 293),
	(NULL, 609192.7256789185, 63, 128, 25),
	(NULL, 474341.77811441926, 59, 128, 95),
	(NULL, 146395.42503069292, 43, 128, 98),
	(NULL, 396721.20376730623, 46, 128, 121),
	(NULL, 756543.6178171897, 71, 128, 125),
	(NULL, 651149.1891638676, 27, 128, 140),
	(NULL, 625396.8315971912, 5, 128, 172),
	(NULL, 177797.70937256224, 14, 128, 253),
	(NULL, 768499.8819052886, 8, 128, 282),
	(NULL, 106648.49847098823, 24, 129, 265),
	(NULL, 927609.5547857046, 32, 130, 8),
	(NULL, 255120.12430169116, 15, 130, 95),
	(NULL, 892183.2190296245, 85, 130, 127),
	(NULL, 501055.13835229434, 86, 130, 174),
	(NULL, 246668.57107033956, 100, 130, 185),
	(NULL, 897179.3635208354, 37, 130, 235),
	(NULL, 833108.7775389951, 15, 130, 240),
	(NULL, 748009.3341871258, 51, 130, 274),
	(NULL, 979617.8813500572, 21, 131, 43),
	(NULL, 715810.4579354984, 18, 131, 62),
	(NULL, 145811.26527205913, 9, 131, 244),
	(NULL, 103831.87852903253, 39, 132, 48),
	(NULL, 596656.4651113085, 93, 132, 162),
	(NULL, 463951.69020630664, 38, 132, 215),
	(NULL, 173631.45140901514, 21, 132, 222),
	(NULL, 698725.0326151672, 89, 132, 297),
	(NULL, 905638.3172695513, 17, 133, 3),
	(NULL, 968944.989269398, 53, 133, 19),
	(NULL, 171467.7310972753, 54, 133, 60),
	(NULL, 924382.2581482076, 62, 133, 156),
	(NULL, 382061.5604801269, 50, 133, 198),
	(NULL, 450604.45327018405, 10, 133, 226),
	(NULL, 97578.9456581223, 16, 133, 231),
	(NULL, 83196.37917194566, 47, 133, 243),
	(NULL, 733166.1339336884, 9, 133, 299),
	(NULL, 983983.6287381853, 27, 134, 33),
	(NULL, 136277.95785576734, 42, 134, 45),
	(NULL, 451916.56969952246, 4, 134, 47),
	(NULL, 721506.0540870086, 30, 134, 70),
	(NULL, 473150.0892215834, 44, 134, 144),
	(NULL, 641643.1446194004, 61, 134, 213),
	(NULL, 601926.4607869628, 56, 134, 252),
	(NULL, 509519.08631744114, 46, 134, 255),
	(NULL, 460656.1443988296, 10, 135, 63),
	(NULL, 509976.5688154022, 62, 136, 57),
	(NULL, 207327.609627735, 19, 136, 70),
	(NULL, 88135.0284924779, 67, 136, 86),
	(NULL, 391541.01249337057, 89, 136, 103),
	(NULL, 428870.9523135735, 17, 136, 105),
	(NULL, 615168.0032928259, 47, 136, 108),
	(NULL, 143918.35553526587, 44, 136, 140),
	(NULL, 770938.9058145847, 10, 136, 197),
	(NULL, 395416.485306813, 47, 136, 290),
	(NULL, 619371.5763763824, 43, 137, 8),
	(NULL, 90503.77320178738, 11, 137, 27),
	(NULL, 462950.642888976, 78, 137, 203),
	(NULL, 960941.1172492215, 9, 137, 274),
	(NULL, 818844.891979641, 7, 137, 275),
	(NULL, 384288.036701568, 71, 137, 291),
	(NULL, 28895.703844467713, 51, 137, 295),
	(NULL, 997337.8746841095, 48, 139, 98),
	(NULL, 995052.6129161818, 36, 139, 114),
	(NULL, 405090.61692175886, 15, 140, 21),
	(NULL, 330043.8668882367, 20, 140, 47),
	(NULL, 342571.5088701832, 13, 140, 59),
	(NULL, 624960.5665716022, 32, 140, 150),
	(NULL, 250405.7917257374, 21, 140, 214),
	(NULL, 203997.8312355878, 97, 142, 166),
	(NULL, 578592.8355287816, 53, 142, 197),
	(NULL, 857062.9012056704, 45, 142, 239),
	(NULL, 909435.7562866778, 8, 142, 241),
	(NULL, 38274.62860285191, 66, 142, 256),
	(NULL, 896589.0398903082, 28, 142, 293),
	(NULL, 597845.04788541, 30, 143, 107),
	(NULL, 755441.3912543008, 61, 143, 129),
	(NULL, 434489.40884136356, 33, 143, 131),
	(NULL, 232299.8793388118, 6, 143, 134),
	(NULL, 259921.10884884113, 56, 143, 166),
	(NULL, 941420.3292395473, 49, 143, 244),
	(NULL, 445632.05828654, 6, 143, 252),
	(NULL, 31094.21047154981, 7, 143, 258),
	(NULL, 910448.4479110318, 55, 143, 268),
	(NULL, 880470.741001273, 79, 144, 73),
	(NULL, 787989.9482457343, 82, 144, 269),
	(NULL, 468530.980228924, 19, 145, 96),
	(NULL, 14999.350758819308, 29, 145, 98),
	(NULL, 304912.6066710269, 26, 145, 185),
	(NULL, 860794.3433495808, 46, 145, 252),
	(NULL, 869000.7827311102, 16, 145, 295),
	(NULL, 641108.8140292955, 34, 146, 38),
	(NULL, 599940.533433635, 61, 146, 73),
	(NULL, 573181.4621915583, 24, 146, 87),
	(NULL, 935455.8752539227, 13, 146, 127),
	(NULL, 454074.7117362829, 9, 146, 133),
	(NULL, 428171.19170486915, 51, 146, 160),
	(NULL, 327728.05196633615, 29, 146, 205),
	(NULL, 49202.913460797085, 2, 146, 217),
	(NULL, 805043.9944957768, 26, 146, 294),
	(NULL, 790637.9770535406, 14, 147, 13),
	(NULL, 442730.9952046796, 66, 147, 17),
	(NULL, 937077.5874814383, 27, 147, 25),
	(NULL, 874304.8762081837, 73, 147, 109),
	(NULL, 256350.0551514719, 26, 147, 277),
	(NULL, 153142.84227409668, 64, 147, 298),
	(NULL, 724107.1287025637, 59, 148, 61),
	(NULL, 827981.8051517024, 93, 148, 96),
	(NULL, 561980.2889672447, 47, 148, 166),
	(NULL, 516210.4139676611, 100, 148, 258),
	(NULL, 834425.9753171398, 32, 148, 264),
	(NULL, 42928.9874706974, 45, 148, 274),
	(NULL, 875275.0489733202, 33, 149, 133),
	(NULL, 434353.4562442385, 70, 149, 135),
	(NULL, 778989.348316318, 4, 149, 235),
	(NULL, 914929.1458680069, 93, 149, 294),
	(NULL, 589390.829030705, 10, 150, 24),
	(NULL, 843400.9096325801, 20, 152, 72),
	(NULL, 437900.9985116711, 29, 152, 91),
	(NULL, 793264.5845366362, 13, 153, 33),
	(NULL, 659765.1617694121, 79, 153, 51),
	(NULL, 275066.8952506269, 55, 153, 135),
	(NULL, 38747.48690792329, 73, 153, 154),
	(NULL, 247422.924316802, 63, 153, 159),
	(NULL, 904151.0020190461, 96, 153, 180),
	(NULL, 571441.9058292068, 73, 153, 232),
	(NULL, 507497.0645751058, 80, 153, 298),
	(NULL, 96773.8128897302, 24, 154, 137),
	(NULL, 139993.3477060674, 52, 154, 152),
	(NULL, 710877.3353640796, 23, 154, 288),
	(NULL, 463595.4167312134, 6, 155, 190),
	(NULL, 556160.1402062585, 80, 155, 235),
	(NULL, 437394.4207615454, 61, 155, 282),
	(NULL, 550775.2160580164, 48, 156, 11),
	(NULL, 707704.759189913, 10, 156, 33),
	(NULL, 500462.5070898402, 12, 156, 194),
	(NULL, 258196.4920046508, 8, 156, 195),
	(NULL, 920657.9249959182, 44, 156, 207),
	(NULL, 562909.4859922882, 99, 156, 214),
	(NULL, 224808.75599622785, 76, 156, 254),
	(NULL, 637428.4543836627, 56, 156, 298),
	(NULL, 985445.7450205463, 2, 159, 20),
	(NULL, 615263.8517108045, 90, 159, 26),
	(NULL, 460013.7107679477, 22, 159, 48),
	(NULL, 534169.0895727265, 42, 159, 59),
	(NULL, 194361.15698255406, 57, 159, 214),
	(NULL, 63145.468309438016, 41, 160, 7),
	(NULL, 326640.4836087553, 89, 160, 11),
	(NULL, 687967.0420921078, 13, 160, 99),
	(NULL, 840637.5298440529, 20, 160, 108),
	(NULL, 407748.09195490205, 71, 160, 188),
	(NULL, 539590.0412444444, 64, 160, 271),
	(NULL, 897179.4806540641, 59, 161, 17),
	(NULL, 388717.37141587556, 16, 161, 21),
	(NULL, 672194.0675288053, 9, 161, 91),
	(NULL, 820770.94210128, 98, 161, 174),
	(NULL, 272141.8190106908, 60, 161, 190),
	(NULL, 46992.28323887305, 82, 161, 192),
	(NULL, 50331.86235078247, 46, 161, 220),
	(NULL, 737620.8424595051, 22, 161, 289),
	(NULL, 669686.3561893515, 93, 162, 131),
	(NULL, 201350.57546361024, 81, 162, 168),
	(NULL, 178415.6068294802, 75, 162, 206),
	(NULL, 904309.3650979178, 99, 162, 283),
	(NULL, 454976.4576669523, 54, 163, 49),
	(NULL, 339656.46557561593, 66, 163, 78),
	(NULL, 945232.0509030537, 27, 163, 151),
	(NULL, 438234.95237696974, 86, 163, 155),
	(NULL, 893481.3516957251, 64, 163, 212),
	(NULL, 217292.701539467, 64, 163, 215),
	(NULL, 615178.4896358924, 97, 163, 218),
	(NULL, 772311.6219041124, 91, 163, 271),
	(NULL, 100181.1194999186, 11, 164, 176),
	(NULL, 354967.55393140565, 9, 165, 186),
	(NULL, 612475.1225057557, 86, 166, 87),
	(NULL, 306874.6018923415, 84, 166, 174),
	(NULL, 103351.93658349261, 22, 166, 246),
	(NULL, 113585.43466449511, 74, 166, 247),
	(NULL, 791424.2470833706, 31, 167, 166),
	(NULL, 652819.9248036033, 80, 168, 71),
	(NULL, 99592.19566489497, 45, 168, 106),
	(NULL, 179189.3085367796, 24, 169, 2),
	(NULL, 607696.3538088478, 15, 169, 28),
	(NULL, 72999.98210567016, 39, 169, 63),
	(NULL, 810324.8580817429, 56, 169, 123),
	(NULL, 287772.7419252125, 26, 169, 264),
	(NULL, 361152.1458907372, 98, 169, 271),
	(NULL, 234945.78483523565, 2, 169, 298),
	(NULL, 542973.5789768517, 12, 170, 8),
	(NULL, 675625.3003164018, 72, 170, 87),
	(NULL, 465280.5392775361, 83, 170, 113),
	(NULL, 502874.4052972444, 63, 170, 146),
	(NULL, 765265.2602842723, 44, 170, 170),
	(NULL, 920958.6919112391, 56, 170, 257),
	(NULL, 229265.5624483504, 2, 171, 110),
	(NULL, 741576.1568320042, 92, 171, 184),
	(NULL, 611595.0759978257, 40, 171, 196),
	(NULL, 661345.8437889774, 85, 171, 215),
	(NULL, 472662.4617456274, 14, 171, 221),
	(NULL, 568041.9690681762, 5, 171, 222),
	(NULL, 657607.7967698826, 67, 172, 26),
	(NULL, 894211.6540524728, 18, 172, 40),
	(NULL, 239530.18523446357, 3, 172, 184),
	(NULL, 714152.0862374179, 11, 172, 265),
	(NULL, 592774.7180073136, 28, 172, 299),
	(NULL, 855746.6033598891, 37, 173, 5),
	(NULL, 896864.2873508347, 71, 173, 49),
	(NULL, 849332.068667893, 74, 173, 54),
	(NULL, 140385.79381205386, 95, 173, 131),
	(NULL, 715903.6599010845, 8, 173, 134),
	(NULL, 802200.2805789197, 47, 173, 137),
	(NULL, 774308.8747585497, 12, 173, 190),
	(NULL, 164319.99888772552, 11, 173, 269),
	(NULL, 86807.10258504299, 4, 174, 28),
	(NULL, 208999.88479344122, 67, 174, 39),
	(NULL, 983684.5958493575, 92, 174, 44),
	(NULL, 33029.906647289776, 27, 174, 110),
	(NULL, 450690.6399610402, 69, 174, 127),
	(NULL, 668024.722388573, 7, 174, 151),
	(NULL, 377589.6450865295, 11, 174, 219),
	(NULL, 906978.6142672831, 25, 174, 253),
	(NULL, 427943.569656934, 86, 174, 298),
	(NULL, 269191.8971638993, 39, 175, 94),
	(NULL, 283650.230650356, 24, 175, 104),
	(NULL, 719201.7979579757, 71, 175, 118),
	(NULL, 802134.6205943335, 3, 175, 246),
	(NULL, 594252.724963567, 97, 176, 208),
	(NULL, 633712.738870338, 90, 178, 13),
	(NULL, 184435.9426356842, 24, 178, 23),
	(NULL, 37157.83545095508, 50, 178, 38),
	(NULL, 383484.79080720677, 86, 178, 71),
	(NULL, 823252.0300709292, 33, 178, 99),
	(NULL, 740269.0577614696, 38, 178, 171),
	(NULL, 130699.05834796435, 49, 178, 235),
	(NULL, 161545.5554723242, 96, 178, 268),
	(NULL, 558342.8056342707, 1, 179, 2),
	(NULL, 668656.2230610781, 47, 179, 18),
	(NULL, 307493.7658028748, 26, 179, 101),
	(NULL, 62828.34034922846, 45, 179, 148),
	(NULL, 580620.763129955, 17, 179, 282),
	(NULL, 567712.3627697765, 97, 180, 47),
	(NULL, 120756.64831265264, 17, 180, 184),
	(NULL, 90176.67296638321, 49, 180, 286),
	(NULL, 259925.23755670228, 100, 181, 102),
	(NULL, 882313.2467907565, 5, 181, 135),
	(NULL, 451582.62422156404, 55, 181, 139),
	(NULL, 281476.99110608094, 80, 181, 252),
	(NULL, 344991.8426402303, 43, 181, 282),
	(NULL, 399649.2211623609, 85, 181, 293),
	(NULL, 340706.4850675423, 99, 182, 2),
	(NULL, 265797.8615419819, 49, 182, 42),
	(NULL, 328905.01497137727, 25, 182, 145),
	(NULL, 533119.5403283827, 81, 182, 147),
	(NULL, 953386.4985235898, 26, 182, 179),
	(NULL, 339477.24502787634, 38, 185, 227),
	(NULL, 205387.8703958315, 89, 185, 230),
	(NULL, 767515.5078243719, 59, 185, 255),
	(NULL, 990714.9805631838, 87, 185, 256),
	(NULL, 365049.7440715532, 24, 186, 119),
	(NULL, 974605.7884686803, 30, 186, 139),
	(NULL, 341998.0210267405, 35, 186, 198),
	(NULL, 658392.5781534128, 41, 187, 55),
	(NULL, 581546.3022727094, 57, 187, 57),
	(NULL, 953372.3234451008, 66, 187, 70),
	(NULL, 20731.959578146998, 65, 187, 73),
	(NULL, 792217.5859604684, 74, 187, 105),
	(NULL, 475730.8015183542, 2, 187, 179),
	(NULL, 823784.5654414984, 12, 187, 263),
	(NULL, 384846.01053455035, 8, 187, 269),
	(NULL, 661818.642981515, 30, 187, 272),
	(NULL, 919851.6370934643, 5, 188, 16),
	(NULL, 564721.5290747905, 9, 188, 17),
	(NULL, 968088.3688633138, 54, 188, 29),
	(NULL, 970201.2880793099, 82, 188, 153),
	(NULL, 45641.214996097966, 71, 188, 156),
	(NULL, 205486.65082678708, 39, 188, 181),
	(NULL, 488471.3358041668, 33, 188, 209),
	(NULL, 162925.27219003983, 8, 188, 245),
	(NULL, 233078.07561843397, 93, 188, 258),
	(NULL, 430496.35209135053, 41, 189, 11),
	(NULL, 40665.14349223316, 12, 189, 120),
	(NULL, 635386.2187711506, 16, 189, 296),
	(NULL, 203887.9775998217, 64, 190, 93),
	(NULL, 324601.3703304466, 8, 190, 103),
	(NULL, 585413.8573181283, 45, 190, 170),
	(NULL, 940230.3541985176, 80, 190, 253),
	(NULL, 277898.18572599645, 4, 190, 296),
	(NULL, 388633.03636306565, 40, 191, 27),
	(NULL, 617557.0222620675, 78, 191, 52),
	(NULL, 908893.6859496111, 8, 191, 92),
	(NULL, 1914.937827336649, 19, 191, 173),
	(NULL, 572937.6387688215, 17, 191, 184),
	(NULL, 298520.9156944687, 38, 191, 189),
	(NULL, 80443.16489570313, 55, 191, 223),
	(NULL, 107233.87387967808, 99, 191, 244),
	(NULL, 12266.69933509783, 19, 192, 33),
	(NULL, 483454.58452112245, 66, 192, 224),
	(NULL, 58888.613254098556, 81, 193, 15),
	(NULL, 818548.1021057647, 82, 193, 62),
	(NULL, 988848.9446734883, 93, 193, 144),
	(NULL, 931764.8443612154, 90, 193, 157),
	(NULL, 574520.9547274236, 19, 193, 169),
	(NULL, 65199.749677382955, 14, 193, 234),
	(NULL, 32517.548190284073, 78, 193, 248),
	(NULL, 674345.3623525313, 45, 193, 280),
	(NULL, 407225.9057291574, 73, 195, 156),
	(NULL, 128817.4516752204, 6, 195, 170),
	(NULL, 503966.21773792483, 34, 195, 177),
	(NULL, 345983.6507780841, 18, 195, 186),
	(NULL, 781187.9869479025, 84, 195, 281),
	(NULL, 22621.56732708476, 58, 196, 295),
	(NULL, 353779.88505330303, 58, 197, 10),
	(NULL, 403614.66888322396, 88, 197, 73),
	(NULL, 867490.8455231822, 80, 197, 222),
	(NULL, 341640.3319035345, 18, 197, 252),
	(NULL, 610252.8665086096, 68, 198, 38),
	(NULL, 186384.7116344892, 64, 198, 55),
	(NULL, 190104.71132020868, 63, 198, 90),
	(NULL, 280659.6049607822, 78, 198, 94),
	(NULL, 422128.3073766233, 49, 198, 123),
	(NULL, 404141.54704750516, 93, 198, 146),
	(NULL, 202088.7248496116, 61, 198, 178),
	(NULL, 789495.1377811072, 30, 199, 77),
	(NULL, 960762.8996404407, 75, 199, 234),
	(NULL, 10563.862834442994, 61, 200, 52),
	(NULL, 920492.2842775224, 50, 200, 69),
	(NULL, 892612.2969377189, 93, 200, 84),
	(NULL, 192505.72817134683, 28, 200, 87),
	(NULL, 394439.1800378182, 6, 200, 148),
	(NULL, 257555.09743040905, 25, 200, 197),
	(NULL, 672928.8243849905, 22, 200, 231),
	(NULL, 713283.9393688611, 39, 200, 234),
	(NULL, 634550.0493490376, 76, 200, 282),
	(NULL, 496278.1353060872, 79, 201, 87),
	(NULL, 33377.97290353384, 15, 201, 106),
	(NULL, 884184.0265106574, 89, 201, 146),
	(NULL, 584385.9272304768, 79, 201, 294),
	(NULL, 74212.35080279953, 50, 203, 57),
	(NULL, 709708.4856533783, 47, 203, 65),
	(NULL, 165445.37106177837, 82, 203, 86),
	(NULL, 99543.05988967238, 29, 203, 126),
	(NULL, 713680.926969118, 17, 203, 133),
	(NULL, 368608.7550134365, 62, 203, 143),
	(NULL, 415791.2536148972, 55, 203, 154),
	(NULL, 325366.1044800885, 34, 203, 219),
	(NULL, 962008.5288621667, 83, 204, 84),
	(NULL, 9725.45807261116, 12, 204, 95),
	(NULL, 270562.41933206806, 99, 204, 141),
	(NULL, 910634.6174201103, 4, 204, 171),
	(NULL, 100386.9618786739, 26, 204, 176),
	(NULL, 406940.41708572005, 91, 204, 203),
	(NULL, 742220.5072169674, 14, 204, 284),
	(NULL, 191629.1157885627, 22, 204, 285),
	(NULL, 665167.2919657702, 96, 205, 64),
	(NULL, 368424.8911826733, 35, 205, 106),
	(NULL, 419734.60012889554, 88, 206, 52),
	(NULL, 597491.6211864164, 84, 206, 99),
	(NULL, 258274.17197632507, 29, 206, 116),
	(NULL, 989497.942047357, 64, 206, 125),
	(NULL, 576595.2636193748, 69, 206, 181),
	(NULL, 97866.50504517036, 88, 207, 5),
	(NULL, 46176.62793120214, 62, 207, 219),
	(NULL, 149507.12047091764, 61, 207, 238),
	(NULL, 864727.877380857, 71, 207, 268),
	(NULL, 635648.5461114942, 61, 207, 277),
	(NULL, 679734.2674736069, 8, 207, 291),
	(NULL, 427790.0082824254, 99, 208, 16),
	(NULL, 686773.8590916278, 67, 208, 27),
	(NULL, 733768.7717343451, 69, 208, 36),
	(NULL, 683760.1489269966, 92, 208, 85),
	(NULL, 192459.34064131643, 80, 208, 132),
	(NULL, 282189.2075476966, 46, 208, 153),
	(NULL, 740813.3439482655, 68, 208, 194),
	(NULL, 302150.19003993436, 16, 208, 220),
	(NULL, 251081.34279959727, 17, 208, 241),
	(NULL, 825758.2622574923, 67, 209, 90),
	(NULL, 20282.057618943196, 8, 209, 105),
	(NULL, 459497.5590742978, 35, 209, 170),
	(NULL, 434750.3662757656, 98, 209, 202),
	(NULL, 450378.82701814256, 14, 209, 233),
	(NULL, 552169.451609728, 5, 209, 248),
	(NULL, 113347.95787063912, 16, 209, 249),
	(NULL, 140154.12742368362, 58, 209, 283),
	(NULL, 852141.4703009311, 58, 210, 22),
	(NULL, 240076.58426195566, 82, 210, 30),
	(NULL, 325526.3161483474, 13, 210, 51),
	(NULL, 335609.102629211, 28, 210, 199),
	(NULL, 374948.4268049218, 83, 210, 234),
	(NULL, 838400.8864196481, 54, 210, 287),
	(NULL, 337910.9259649561, 45, 211, 69),
	(NULL, 803644.4778046227, 68, 211, 109),
	(NULL, 623132.7985108977, 20, 211, 207),
	(NULL, 257650.59526692546, 81, 211, 299),
	(NULL, 955193.2465112631, 4, 212, 63),
	(NULL, 753579.9631022116, 93, 212, 243),
	(NULL, 22647.69448517345, 58, 213, 180),
	(NULL, 883058.8781900975, 42, 213, 216),
	(NULL, 723407.4125690032, 32, 214, 23),
	(NULL, 528603.6147318047, 68, 214, 97),
	(NULL, 6873.348748287045, 46, 214, 262),
	(NULL, 106216.60021820267, 66, 214, 284),
	(NULL, 939791.4868921319, 46, 215, 4),
	(NULL, 907834.7192427893, 36, 215, 30),
	(NULL, 865323.832414885, 71, 215, 95),
	(NULL, 732473.0225319404, 24, 215, 146),
	(NULL, 997121.2696282075, 6, 215, 148),
	(NULL, 674599.654864678, 13, 215, 188),
	(NULL, 487842.353904187, 70, 215, 229),
	(NULL, 683688.9904337375, 69, 215, 262),
	(NULL, 167812.59447004338, 93, 215, 265),
	(NULL, 674625.8061093969, 14, 216, 142),
	(NULL, 561257.9101862314, 5, 216, 208),
	(NULL, 980546.783489067, 11, 217, 147),
	(NULL, 50749.79601023144, 14, 217, 232),
	(NULL, 167220.38787635774, 76, 218, 30),
	(NULL, 384825.11044581025, 74, 218, 38),
	(NULL, 91614.36411955615, 37, 218, 65),
	(NULL, 507106.8607583461, 91, 218, 82),
	(NULL, 780717.574850684, 100, 218, 144),
	(NULL, 54873.98472123972, 78, 218, 196),
	(NULL, 746748.3202521933, 18, 218, 197),
	(NULL, 713422.736649567, 76, 218, 201),
	(NULL, 280350.1840554984, 57, 218, 232),
	(NULL, 138017.9999912935, 97, 219, 55),
	(NULL, 729810.7711485353, 27, 219, 99),
	(NULL, 993452.471464871, 45, 219, 136),
	(NULL, 471995.65871641645, 9, 219, 165),
	(NULL, 260229.85181339353, 52, 219, 198),
	(NULL, 255523.28555728064, 57, 219, 219),
	(NULL, 379576.47260025283, 79, 220, 17),
	(NULL, 320953.80456610443, 100, 220, 80),
	(NULL, 562486.7236028436, 34, 220, 108),
	(NULL, 898201.6114186245, 75, 220, 137),
	(NULL, 889247.3105483669, 8, 220, 168),
	(NULL, 734779.4160788901, 84, 220, 187),
	(NULL, 754424.6151747763, 24, 220, 212),
	(NULL, 767259.9234120781, 77, 220, 243),
	(NULL, 188397.99684026503, 84, 220, 270),
	(NULL, 834240.0016502473, 96, 221, 90),
	(NULL, 994860.4561324404, 92, 221, 144),
	(NULL, 399787.75637646613, 88, 221, 169),
	(NULL, 497516.7695499929, 46, 221, 296),
	(NULL, 931766.942322763, 35, 222, 75),
	(NULL, 835969.4518333644, 74, 222, 87),
	(NULL, 856486.3797715564, 93, 222, 93),
	(NULL, 517064.8205392647, 84, 222, 154),
	(NULL, 927215.7400247757, 53, 222, 188),
	(NULL, 154889.62315275022, 9, 222, 192),
	(NULL, 316059.09742016305, 12, 222, 249),
	(NULL, 491660.98329433904, 83, 223, 20),
	(NULL, 280233.0829077368, 45, 223, 96),
	(NULL, 355241.92878020665, 96, 223, 113),
	(NULL, 976674.3811174779, 83, 223, 128),
	(NULL, 3826.794780639853, 9, 223, 143),
	(NULL, 690719.7504112663, 81, 223, 166),
	(NULL, 995072.3098802525, 80, 223, 205),
	(NULL, 832161.9876176883, 13, 223, 272),
	(NULL, 780680.7737013117, 30, 223, 294),
	(NULL, 776757.7243755993, 88, 224, 6),
	(NULL, 606223.630441721, 35, 224, 66),
	(NULL, 868674.7265581312, 31, 224, 142),
	(NULL, 385925.00211248535, 34, 224, 154),
	(NULL, 871200.7773528605, 87, 224, 176),
	(NULL, 226093.95864094005, 32, 224, 200),
	(NULL, 184737.51986870656, 80, 224, 252),
	(NULL, 15691.967690593112, 32, 225, 67),
	(NULL, 189620.18926748968, 72, 225, 76),
	(NULL, 402845.6848165524, 47, 225, 100),
	(NULL, 413199.92863276624, 70, 225, 137),
	(NULL, 968701.6250954103, 19, 227, 7),
	(NULL, 771323.4949736831, 48, 227, 44),
	(NULL, 753765.3453961437, 26, 227, 64),
	(NULL, 213672.9634975274, 79, 227, 109),
	(NULL, 796050.9367760974, 88, 227, 169),
	(NULL, 379011.6138954528, 65, 227, 186),
	(NULL, 693083.9658320553, 26, 227, 238),
	(NULL, 553639.884805204, 11, 227, 251),
	(NULL, 511355.32928502146, 19, 228, 4),
	(NULL, 920084.346147464, 41, 228, 84),
	(NULL, 529357.6630062145, 83, 228, 137),
	(NULL, 214539.94722997016, 7, 228, 147),
	(NULL, 828154.4562956777, 65, 228, 203),
	(NULL, 152261.6908318527, 31, 228, 256),
	(NULL, 630371.5829474789, 32, 229, 67),
	(NULL, 250093.58865852104, 13, 229, 125),
	(NULL, 405210.55336846167, 98, 229, 127),
	(NULL, 487692.30667818384, 56, 229, 157),
	(NULL, 59547.331662346936, 18, 229, 220),
	(NULL, 528958.6404931195, 84, 229, 230),
	(NULL, 208474.91196811752, 99, 230, 49),
	(NULL, 6039.347812158869, 12, 230, 78),
	(NULL, 243908.9874256485, 31, 230, 105),
	(NULL, 55746.82781538298, 12, 230, 205),
	(NULL, 925357.5580150194, 66, 230, 209),
	(NULL, 939271.0570748391, 34, 230, 294),
	(NULL, 829396.3047306476, 42, 231, 10),
	(NULL, 176872.40242693224, 96, 231, 30),
	(NULL, 938798.6443861029, 54, 231, 66),
	(NULL, 293600.83716284524, 97, 231, 170),
	(NULL, 10478.428348827618, 89, 231, 194),
	(NULL, 798706.0983308345, 27, 231, 212),
	(NULL, 915295.0303578161, 44, 232, 78),
	(NULL, 479516.3813133065, 66, 232, 128),
	(NULL, 136066.84318286422, 73, 232, 138),
	(NULL, 190393.1106162182, 12, 232, 205),
	(NULL, 952514.7422912635, 21, 233, 18),
	(NULL, 604883.7038601423, 93, 233, 29),
	(NULL, 3530.1846771184087, 10, 233, 104),
	(NULL, 554563.9186424429, 22, 233, 127),
	(NULL, 484105.13396876043, 51, 233, 138),
	(NULL, 286053.31747466733, 11, 233, 173),
	(NULL, 740967.0803609652, 30, 233, 179),
	(NULL, 231525.70206617683, 16, 233, 227),
	(NULL, 834020.8668418775, 61, 233, 228),
	(NULL, 844672.4027918228, 65, 234, 3),
	(NULL, 558867.7279038609, 43, 234, 282),
	(NULL, 860619.436362509, 53, 234, 295),
	(NULL, 355246.3393365531, 49, 235, 72),
	(NULL, 696572.9599087676, 46, 235, 79),
	(NULL, 906632.7570992929, 3, 235, 84),
	(NULL, 539926.3666815043, 47, 235, 92),
	(NULL, 788320.6654263504, 20, 235, 110),
	(NULL, 413174.2289006923, 95, 235, 189),
	(NULL, 935260.7246945078, 82, 235, 262),
	(NULL, 618179.4465403624, 62, 235, 266),
	(NULL, 979654.0826595837, 49, 236, 54),
	(NULL, 834816.6471464022, 80, 237, 25),
	(NULL, 708105.6648824166, 28, 237, 91),
	(NULL, 213940.5206431517, 90, 237, 103),
	(NULL, 94747.32731899749, 66, 237, 118),
	(NULL, 980360.9893958751, 81, 237, 181),
	(NULL, 327892.5472299689, 75, 237, 222),
	(NULL, 883875.5866440872, 76, 238, 29),
	(NULL, 621385.3141332264, 37, 239, 283),
	(NULL, 390006.73472804984, 50, 240, 38),
	(NULL, 402713.7468126928, 83, 240, 212),
	(NULL, 241436.5714839103, 28, 240, 297),
	(NULL, 376509.32805795036, 50, 241, 64),
	(NULL, 145747.07872226322, 9, 242, 58),
	(NULL, 861229.3665993633, 28, 242, 89),
	(NULL, 173987.05094198787, 22, 243, 16),
	(NULL, 774020.4410290245, 22, 243, 142),
	(NULL, 232831.96217849932, 53, 243, 232),
	(NULL, 331033.833651067, 55, 243, 273),
	(NULL, 744487.3681794672, 95, 243, 285),
	(NULL, 763541.6788328436, 89, 244, 229),
	(NULL, 872464.1075189831, 25, 244, 258),
	(NULL, 705953.840326834, 76, 245, 132),
	(NULL, 741876.1776176044, 50, 245, 253),
	(NULL, 755481.5387960159, 51, 246, 25),
	(NULL, 9238.436484765078, 36, 246, 79),
	(NULL, 804841.1590786484, 13, 246, 110),
	(NULL, 316199.4596029121, 45, 246, 161),
	(NULL, 507019.6520286888, 26, 246, 191),
	(NULL, 466666.9460643472, 26, 246, 298),
	(NULL, 460076.07847776666, 43, 246, 300),
	(NULL, 693963.5724807505, 72, 247, 2),
	(NULL, 48967.245263965786, 48, 247, 85),
	(NULL, 127226.26529566816, 73, 247, 114),
	(NULL, 897639.5008035077, 58, 247, 298),
	(NULL, 530768.5225813698, 2, 248, 79),
	(NULL, 301260.8364987356, 53, 248, 109),
	(NULL, 612354.5959159349, 92, 248, 181),
	(NULL, 901312.2245426913, 10, 248, 283),
	(NULL, 352436.49542559974, 78, 248, 288),
	(NULL, 333637.0176285912, 21, 249, 17),
	(NULL, 411844.9301494048, 72, 249, 22),
	(NULL, 885499.922015881, 24, 249, 71),
	(NULL, 738215.4569868378, 78, 249, 84),
	(NULL, 112957.00380929097, 84, 249, 220),
	(NULL, 58105.67467570027, 20, 249, 225),
	(NULL, 781465.7946701891, 22, 250, 2),
	(NULL, 801941.1410678308, 76, 250, 17),
	(NULL, 639311.8158136444, 46, 250, 111),
	(NULL, 427129.93596116133, 94, 250, 173),
	(NULL, 163579.64622563813, 52, 250, 185),
	(NULL, 238119.54369140707, 79, 250, 202),
	(NULL, 860851.8976620462, 43, 250, 226),
	(NULL, 646596.9810225555, 52, 250, 240),
	(NULL, 325019.232018815, 66, 250, 281),
	(NULL, 183325.40045482115, 18, 251, 2),
	(NULL, 318649.0128791273, 43, 251, 138),
	(NULL, 787629.1489454767, 34, 251, 156),
	(NULL, 412596.7125361086, 51, 251, 202),
	(NULL, 713399.1141610409, 75, 251, 219),
	(NULL, 106018.55222629674, 86, 251, 225),
	(NULL, 405406.2886319416, 63, 251, 237),
	(NULL, 433168.51167351357, 12, 251, 297),
	(NULL, 51103.04853137704, 47, 251, 300),
	(NULL, 821347.764408846, 59, 252, 3),
	(NULL, 792083.9705095123, 28, 252, 51),
	(NULL, 422542.9741534985, 53, 252, 248),
	(NULL, 255927.08663113916, 7, 252, 276),
	(NULL, 876513.5417051817, 5, 253, 148),
	(NULL, 172372.69997170568, 12, 253, 218),
	(NULL, 180173.3759347406, 48, 254, 10),
	(NULL, 407980.45499467093, 90, 254, 11),
	(NULL, 820099.1414344643, 8, 254, 26),
	(NULL, 710343.1414760884, 1, 254, 54),
	(NULL, 942916.6009107946, 15, 254, 65),
	(NULL, 614397.916356538, 66, 254, 156),
	(NULL, 813161.5903339633, 83, 254, 278),
	(NULL, 842825.1381118273, 35, 254, 284),
	(NULL, 728238.9233212074, 44, 255, 80),
	(NULL, 834563.054820675, 77, 255, 144),
	(NULL, 576627.6923226762, 70, 256, 20),
	(NULL, 470981.34772960754, 59, 256, 25),
	(NULL, 628677.4718999102, 47, 256, 30),
	(NULL, 110035.5100707976, 13, 256, 44),
	(NULL, 45236.658634643434, 55, 256, 96),
	(NULL, 714272.0695762951, 48, 256, 153),
	(NULL, 418681.19965927786, 56, 256, 190),
	(NULL, 542645.1524492794, 58, 256, 281),
	(NULL, 565841.9705270525, 5, 257, 46),
	(NULL, 221745.5466597301, 71, 257, 75),
	(NULL, 927692.8289672108, 87, 257, 94),
	(NULL, 993893.3721191157, 11, 257, 114),
	(NULL, 656442.6311269633, 52, 257, 125),
	(NULL, 520145.7854222925, 98, 257, 148),
	(NULL, 346477.02968114923, 68, 257, 166),
	(NULL, 561288.2010200134, 26, 257, 201),
	(NULL, 335636.4846025705, 24, 257, 242),
	(NULL, 739577.3362622092, 80, 258, 128),
	(NULL, 64699.15633547851, 45, 258, 239),
	(NULL, 392473.11558740016, 31, 259, 10),
	(NULL, 932543.030358128, 19, 259, 33),
	(NULL, 871645.6182727756, 35, 259, 209),
	(NULL, 654251.2114481877, 14, 259, 239),
	(NULL, 972120.3437692783, 21, 259, 281),
	(NULL, 336277.2529105917, 55, 260, 42),
	(NULL, 48595.98078793337, 58, 260, 43),
	(NULL, 86530.63605117695, 58, 260, 129),
	(NULL, 9662.971700680755, 30, 260, 190),
	(NULL, 743792.0566073819, 9, 260, 276),
	(NULL, 239310.734580913, 81, 261, 38),
	(NULL, 961564.7795289855, 37, 261, 74),
	(NULL, 594313.5224997179, 49, 261, 112),
	(NULL, 353292.5146093099, 47, 261, 123),
	(NULL, 526290.7063806764, 28, 261, 205),
	(NULL, 976214.2914068159, 88, 261, 221),
	(NULL, 735412.1683801643, 38, 261, 228),
	(NULL, 26336.979162442043, 45, 262, 7),
	(NULL, 644604.7494904747, 8, 262, 51),
	(NULL, 274815.6152143602, 62, 262, 71),
	(NULL, 969250.0321539317, 97, 262, 91),
	(NULL, 933967.8366662906, 92, 263, 18),
	(NULL, 377472.2461391874, 84, 263, 39),
	(NULL, 166443.33889438835, 82, 263, 242),
	(NULL, 729237.1494961495, 88, 263, 254),
	(NULL, 378206.5380382905, 54, 264, 62),
	(NULL, 227098.35494814857, 24, 264, 84),
	(NULL, 509802.32871177123, 14, 264, 117),
	(NULL, 179565.12379632329, 75, 264, 145),
	(NULL, 891317.745061884, 25, 264, 235),
	(NULL, 61089.75581955023, 93, 264, 239),
	(NULL, 469754.1642265992, 64, 264, 241),
	(NULL, 838528.2877003308, 39, 264, 256),
	(NULL, 430784.2536295827, 68, 264, 275),
	(NULL, 395002.02452777035, 41, 265, 22),
	(NULL, 122413.98237071422, 34, 265, 37),
	(NULL, 515807.8529993807, 14, 265, 148),
	(NULL, 238455.67387244248, 80, 265, 155),
	(NULL, 253586.91820912628, 47, 265, 246),
	(NULL, 304237.720388227, 63, 265, 248),
	(NULL, 761199.809405599, 77, 265, 252),
	(NULL, 154169.30541698294, 21, 266, 223),
	(NULL, 508855.73638625804, 61, 267, 50),
	(NULL, 478094.2997652066, 18, 267, 67),
	(NULL, 118881.18798531644, 53, 267, 198),
	(NULL, 17327.73350982475, 55, 267, 201),
	(NULL, 218816.53339820862, 10, 267, 215),
	(NULL, 30795.87705288844, 63, 268, 20),
	(NULL, 372725.7854654655, 92, 268, 49),
	(NULL, 5290.939582277443, 72, 268, 57),
	(NULL, 920556.4740541202, 5, 268, 172),
	(NULL, 781422.5282989377, 64, 268, 208),
	(NULL, 395464.04365521506, 34, 268, 213),
	(NULL, 540817.5852934174, 100, 268, 215),
	(NULL, 237522.39437775913, 18, 268, 257),
	(NULL, 607095.9680679545, 73, 268, 296),
	(NULL, 814041.3427186285, 99, 269, 23),
	(NULL, 135358.32449452966, 19, 269, 55),
	(NULL, 970525.0324293633, 67, 269, 84),
	(NULL, 132898.75138893194, 4, 269, 87),
	(NULL, 607590.6930197973, 65, 269, 119),
	(NULL, 236193.43279522765, 75, 269, 128),
	(NULL, 93637.32300581818, 70, 269, 178),
	(NULL, 307269.34425634466, 42, 269, 297),
	(NULL, 636424.6538594242, 71, 270, 17),
	(NULL, 830028.3699750741, 72, 270, 210),
	(NULL, 165723.75556647213, 26, 271, 34),
	(NULL, 981361.0141485718, 37, 271, 36),
	(NULL, 674564.9213000791, 17, 271, 51),
	(NULL, 626305.5549811455, 7, 271, 70),
	(NULL, 72540.18304315001, 67, 271, 111),
	(NULL, 840198.6524205474, 62, 271, 174),
	(NULL, 717437.0742222464, 13, 271, 196),
	(NULL, 767066.3426409292, 45, 271, 226),
	(NULL, 509157.87640395295, 37, 271, 263),
	(NULL, 343270.65574052616, 38, 272, 64),
	(NULL, 466524.6329175583, 50, 272, 81),
	(NULL, 804977.3250807032, 44, 272, 151),
	(NULL, 810314.796659243, 8, 272, 217),
	(NULL, 169514.57861018716, 67, 272, 238),
	(NULL, 428766.5897820172, 18, 272, 244),
	(NULL, 914723.1493242319, 42, 272, 246),
	(NULL, 810801.056638935, 99, 272, 289),
	(NULL, 516556.5041223159, 5, 273, 127),
	(NULL, 413723.52864689345, 44, 273, 182),
	(NULL, 15065.621600226286, 64, 273, 192),
	(NULL, 168990.84036881718, 48, 273, 227),
	(NULL, 471311.63527202455, 44, 274, 82),
	(NULL, 989599.1748513206, 84, 275, 125),
	(NULL, 515161.80803929776, 4, 275, 201),
	(NULL, 663826.9415086258, 2, 275, 290),
	(NULL, 10226.100843449549, 5, 276, 179),
	(NULL, 32918.93691253744, 30, 277, 114),
	(NULL, 810553.1995213774, 23, 277, 126),
	(NULL, 968386.8805129146, 88, 277, 128),
	(NULL, 312009.7183610727, 22, 277, 140),
	(NULL, 309968.2971420615, 77, 277, 144),
	(NULL, 455300.6082704713, 22, 277, 162),
	(NULL, 448502.3017179497, 66, 277, 237),
	(NULL, 885323.6724330164, 69, 278, 49),
	(NULL, 560895.6300332899, 55, 278, 69),
	(NULL, 829981.3387474112, 17, 278, 178),
	(NULL, 415727.3117152659, 8, 278, 258),
	(NULL, 782689.3401030872, 90, 278, 299),
	(NULL, 78498.82619517112, 9, 279, 19),
	(NULL, 676153.135237451, 23, 279, 20),
	(NULL, 623894.7375044017, 62, 279, 77),
	(NULL, 912658.8079502317, 17, 279, 90),
	(NULL, 786844.7914358051, 62, 279, 104),
	(NULL, 590150.934605102, 29, 279, 148),
	(NULL, 398318.26248941437, 84, 279, 185),
	(NULL, 638858.9282998668, 89, 279, 191),
	(NULL, 80994.93068251884, 65, 279, 263),
	(NULL, 259551.5906064968, 67, 280, 129),
	(NULL, 326586.1385627735, 63, 280, 196),
	(NULL, 720047.4509907512, 85, 280, 250),
	(NULL, 896015.5325567144, 33, 280, 275),
	(NULL, 929103.7139089846, 61, 280, 300),
	(NULL, 248205.05534328797, 6, 281, 70),
	(NULL, 432118.904362518, 84, 281, 243),
	(NULL, 645132.6746734174, 12, 282, 2),
	(NULL, 135444.79881595596, 9, 282, 7),
	(NULL, 702258.3737330895, 13, 282, 52),
	(NULL, 962874.5425630785, 52, 282, 119),
	(NULL, 766928.0765833284, 5, 282, 126),
	(NULL, 578912.5086553701, 4, 282, 160),
	(NULL, 749175.9057986975, 80, 282, 173),
	(NULL, 606739.5201832518, 61, 282, 258),
	(NULL, 203721.23469679136, 65, 283, 24),
	(NULL, 823651.9836393426, 41, 283, 217),
	(NULL, 492352.51306998904, 46, 283, 226),
	(NULL, 981836.4874699133, 85, 283, 253),
	(NULL, 627985.2517773743, 7, 284, 260),
	(NULL, 58374.70250942789, 9, 285, 60),
	(NULL, 686819.6795324947, 73, 285, 117),
	(NULL, 277751.3159889972, 1, 285, 132),
	(NULL, 23690.715159082833, 83, 285, 149),
	(NULL, 562856.9289340551, 90, 286, 16),
	(NULL, 93011.8813425097, 78, 286, 195),
	(NULL, 964613.4178797835, 13, 288, 14),
	(NULL, 464578.8238454265, 24, 288, 38),
	(NULL, 30917.941235173217, 45, 288, 104),
	(NULL, 51859.09298664193, 14, 288, 165),
	(NULL, 218369.1200476261, 96, 288, 204),
	(NULL, 187251.209333105, 32, 288, 274),
	(NULL, 562580.881117233, 35, 289, 82),
	(NULL, 518864.2192243095, 6, 289, 281),
	(NULL, 183921.33351706262, 45, 290, 11),
	(NULL, 266504.6936252252, 53, 290, 248),
	(NULL, 632934.8386425029, 65, 290, 259),
	(NULL, 503606.9097914906, 26, 290, 293),
	(NULL, 398822.4730410351, 97, 291, 5),
	(NULL, 372586.30777763657, 20, 291, 44),
	(NULL, 10491.64239158007, 94, 291, 184),
	(NULL, 62232.3130709338, 38, 291, 267),
	(NULL, 378600.8592738003, 96, 291, 296),
	(NULL, 104735.9594119649, 82, 293, 105),
	(NULL, 973770.7534751503, 54, 293, 221),
	(NULL, 757152.3078883685, 22, 294, 15),
	(NULL, 330085.8963641129, 61, 294, 18),
	(NULL, 652819.4404625559, 67, 294, 48),
	(NULL, 622074.9326777944, 89, 294, 69),
	(NULL, 825152.7519024851, 54, 294, 125),
	(NULL, 32158.885419987793, 33, 294, 233),
	(NULL, 226746.2245644518, 80, 294, 249),
	(NULL, 686010.8068105131, 20, 294, 258),
	(NULL, 49790.308290106885, 72, 294, 287),
	(NULL, 175287.06191534095, 63, 295, 24),
	(NULL, 404089.29629031953, 88, 295, 28),
	(NULL, 752699.7673976138, 2, 295, 43),
	(NULL, 295950.23021233705, 21, 295, 98),
	(NULL, 124558.59708206407, 60, 295, 113),
	(NULL, 936670.8376621839, 97, 295, 115),
	(NULL, 849551.8043007381, 42, 295, 207),
	(NULL, 633541.0689041279, 84, 295, 229),
	(NULL, 442879.4219742184, 53, 296, 49),
	(NULL, 855697.3585763946, 76, 296, 90),
	(NULL, 971056.0536565359, 42, 296, 191),
	(NULL, 107215.0338185568, 10, 296, 224),
	(NULL, 692477.1599230657, 53, 296, 248),
	(NULL, 652467.6151418056, 56, 296, 295),
	(NULL, 799048.3346198678, 3, 297, 56),
	(NULL, 504370.22436986223, 99, 297, 147),
	(NULL, 962522.7360286275, 30, 297, 154),
	(NULL, 215440.81834745043, 56, 297, 253),
	(NULL, 472697.60535623785, 5, 297, 293),
	(NULL, 534396.3656103098, 61, 298, 25),
	(NULL, 714614.229883891, 87, 298, 279),
	(NULL, 611227.5110229532, 3, 299, 267),
	(NULL, 849474.0566155144, 65, 300, 250),
	(NULL, 660660.1115880306, 65, 300, 254),
	(NULL, 616037.3878599107, 91, 301, 14),
	(NULL, 537182.8496281056, 64, 301, 89),
	(NULL, 261833.0529067213, 20, 301, 109),
	(NULL, 17835.702022127585, 69, 301, 173),
	(NULL, 618496.9321648859, 97, 301, 185),
	(NULL, 17999.220112417723, 54, 301, 210),
	(NULL, 424430.51936801925, 68, 301, 286),
	(NULL, 213845.21299317695, 87, 302, 117),
	(NULL, 17949.69977305061, 10, 302, 203),
	(NULL, 24304.934539199687, 2, 303, 277),
	(NULL, 517820.2164898247, 17, 305, 54),
	(NULL, 685478.279866922, 50, 305, 84),
	(NULL, 530569.0294786408, 18, 305, 239),
	(NULL, 674203.3772144625, 95, 306, 20),
	(NULL, 952495.3994088538, 31, 306, 155),
	(NULL, 947803.3138824293, 82, 306, 203),
	(NULL, 593674.8494508682, 32, 306, 238),
	(NULL, 452874.0702370054, 29, 306, 258),
	(NULL, 954373.391847379, 69, 307, 57),
	(NULL, 320488.47727299936, 78, 307, 232),
	(NULL, 951226.8430385372, 49, 309, 8),
	(NULL, 448356.3147330353, 28, 309, 61),
	(NULL, 791190.3381061977, 28, 309, 234),
	(NULL, 281362.0007239428, 63, 309, 238),
	(NULL, 709236.6892551704, 72, 309, 260),
	(NULL, 1798.6913336039968, 58, 309, 267),
	(NULL, 810472.9615302517, 86, 309, 279),
	(NULL, 803848.1936608002, 57, 309, 290),
	(NULL, 649305.3497388437, 100, 310, 23),
	(NULL, 243861.7159945764, 5, 310, 35),
	(NULL, 833582.2868962481, 43, 310, 50),
	(NULL, 853625.3765758536, 37, 310, 99),
	(NULL, 467768.56735383667, 77, 310, 133),
	(NULL, 349511.94644050085, 86, 310, 198),
	(NULL, 332588.32772536454, 47, 310, 279),
	(NULL, 514898.01892255415, 76, 311, 96),
	(NULL, 369385.7720545047, 89, 311, 150),
	(NULL, 628488.4688452621, 90, 311, 183),
	(NULL, 57393.28793966369, 32, 311, 233),
	(NULL, 621942.445442486, 49, 312, 169),
	(NULL, 735195.8801405572, 80, 313, 11),
	(NULL, 570662.3064000853, 78, 313, 29),
	(NULL, 230485.193936128, 37, 313, 57),
	(NULL, 1606.55091756301, 26, 313, 75),
	(NULL, 971602.7215784562, 50, 313, 119),
	(NULL, 385771.4856516992, 12, 313, 142),
	(NULL, 545668.3056946186, 65, 313, 204),
	(NULL, 431896.7306239584, 89, 313, 208),
	(NULL, 657601.6633771401, 53, 313, 256),
	(NULL, 552225.8711000248, 8, 314, 167),
	(NULL, 995926.7811991586, 1, 314, 284),
	(NULL, 468873.0276250279, 59, 314, 288),
	(NULL, 253685.97843553397, 2, 315, 45),
	(NULL, 342901.4461648755, 6, 316, 4),
	(NULL, 105568.07238447941, 6, 316, 85),
	(NULL, 975310.7750256304, 83, 316, 91),
	(NULL, 447793.57244416553, 64, 316, 140),
	(NULL, 260002.84988245525, 77, 316, 243),
	(NULL, 274730.2626923198, 26, 316, 249),
	(NULL, 594136.849181967, 30, 317, 251),
	(NULL, 304019.86020664783, 3, 318, 102),
	(NULL, 14228.710695740721, 61, 318, 105),
	(NULL, 103237.7718432822, 24, 318, 165),
	(NULL, 858366.4894049658, 38, 318, 181),
	(NULL, 98721.84794174455, 6, 319, 182),
	(NULL, 818001.03343225, 28, 319, 221),
	(NULL, 968926.5466024003, 63, 319, 258),
	(NULL, 99200, 1, 325, 27),
	(NULL, 649553, 1, 325, 47);

-- Dumping structure for table shopping.product
DROP TABLE IF EXISTS `product`;
CREATE TABLE IF NOT EXISTS `product` (
  `product_id` bigint(20) NOT NULL AUTO_INCREMENT,
  `description` text NOT NULL,
  `manufacturer_name` varchar(100) NOT NULL,
  `name` varchar(150) NOT NULL,
  `status` int(11) DEFAULT NULL,
  `unit` varchar(25) NOT NULL,
  PRIMARY KEY (`product_id`)
) ENGINE=InnoDB AUTO_INCREMENT=401 DEFAULT CHARSET=utf8mb4 COLLATE=utf8mb4_general_ci;

-- Dumping data for table shopping.product: ~400 rows (approximately)
INSERT INTO `product` (`product_id`, `description`, `manufacturer_name`, `name`, `status`, `unit`) VALUES
	(1, 'Xiaomi Mi 8 SE', 'HP', 'Google Pixel 3', 0, 'piece'),
	(2, 'Samsung Galaxy S2', 'Xiamomi', 'iPhone 4', 0, 'piece'),
	(3, 'iPhone 5', 'ASUS', 'Huawei P20', 0, 'piece'),
	(4, 'Google Pixel 5', 'Sharp', 'iPhone 4S', 0, 'piece'),
	(5, 'iPhone 5S', 'Nokia', 'iPhone 13 Pro', 0, 'piece'),
	(6, 'Huawei Mate 20', 'Huawei', 'Google Pixel 6a', 0, 'piece'),
	(7, 'iPhone 6S / 6S Plus', 'Sharp', 'iPhone 14 Plus', 0, 'piece'),
	(8, 'Google Pixel 4', 'HP', 'Samsung Galaxy S9', 0, 'piece'),
	(9, 'Google Pixel 4 XL', 'Dell', 'Samsung Galaxy S4 Mini', 0, 'piece'),
	(10, 'Google Pixel 5', 'HP', 'iPhone 3GS', 0, 'piece'),
	(11, 'Google Pixel 2 XL', 'Sony Ericsson', 'Google Pixel 5', 0, 'piece'),
	(12, 'iPhone 5C', 'Xiamomi', 'OnePlus 3', 0, 'piece'),
	(13, 'OnePlus 5T', 'Microsoft', 'Huawei Mate 20 Pro', 0, 'piece'),
	(14, 'iPhone 14', 'Samsung', 'Google Pixel 4', 0, 'piece'),
	(15, 'Huawei P20', 'Siemens', 'Samsung Galaxy S8 Plus', 0, 'piece'),
	(16, 'Google Pixel 7', 'HTC', 'iPhone SE (3rd gen)', 0, 'piece'),
	(17, 'Huawei Mate 10 Pro', 'Siemens', 'Google Pixel 6', 0, 'piece'),
	(18, 'OnePlus 6', 'Sony Ericsson', 'Samsung Galaxy S7', 0, 'piece'),
	(19, 'iPhone 14', 'T-Mobile', 'Google Pixel 5a 5G', 0, 'piece'),
	(20, 'Xiaomi Redmi Note 6 Pro', 'Amazon', 'Huawei Mate 9', 0, 'piece'),
	(21, 'Google Pixel XL', 'Plum', 'Huawei P20', 0, 'piece'),
	(22, 'iPhone 7 / 7 Plus', 'T-Mobile', 'Xiaomi Mi 8', 0, 'piece'),
	(23, 'iPhone 12 Pro Max', 'Motorola', 'Google Pixel 3a', 0, 'piece'),
	(24, 'Huawei Mate 10 Pro', 'Apple', 'Google Pixel 4', 0, 'piece'),
	(25, 'Google Pixel 6 Pro', 'Samsung', 'iPhone 11', 0, 'piece'),
	(26, 'Google Pixel 4a', 'Samsung', 'Xiaomi Mi 8 Pro', 0, 'piece'),
	(27, 'iPhone 14 Plus', 'Sony Ericsson', 'OnePlus 5', 0, 'piece'),
	(28, 'iPhone 12', 'BlackBerry', 'iPhone 7 / 7 Plus', 0, 'piece'),
	(29, 'Xiaomi Mi 8', 'QMobile', 'iPhone XR', 0, 'piece'),
	(30, 'Google Pixel XL', 'Xiamomi', 'Samsung Galaxy S9', 0, 'piece'),
	(31, 'Google Pixel 2 XL', 'Philips', 'iPhone 5', 0, 'piece'),
	(32, 'Google Pixel 7 Pro', 'Dell', 'iPhone 8 / 8 Plus', 0, 'piece'),
	(33, 'iPhone 12 Pro', 'ASUS', 'Samsung Galaxy S3 Mini', 0, 'piece'),
	(34, 'Samsung Galaxy S3', 'Samsung', 'iPhone 14 Plus', 0, 'piece'),
	(35, 'Xiaomi Pocophone F1', 'Sharp', 'iPhone SE (2nd gen)', 0, 'piece'),
	(36, 'Samsung Galaxy S3', 'Siemens', 'iPhone 11 Pro', 0, 'piece'),
	(37, 'OnePlus 5T', 'Sony', 'iPhone 8 / 8 Plus', 0, 'piece'),
	(38, 'Google Pixel 7 Pro', 'Oppo', 'Huawei P Smart', 0, 'piece'),
	(39, 'Huawei Mate 20 Pro', 'Samsung', 'iPhone XS', 0, 'piece'),
	(40, 'iPhone 12 mini', 'QMobile', 'iPhone 4S', 0, 'piece'),
	(41, 'Xiaomi Mi 8 Pro', 'Nokia', 'OnePlus 3', 0, 'piece'),
	(42, 'iPhone 11 Pro Max', 'Apple', 'Huawei Mate 20 Pro', 0, 'piece'),
	(43, 'Google Pixel 6 Pro', 'Microsoft', 'Google Pixel 2 XL', 0, 'piece'),
	(44, 'iPhone 13', 'Philips', 'iPhone 4S', 0, 'piece'),
	(45, 'Google Pixel 4a', 'Lenovo', 'Huawei Mate 10 Pro', 0, 'piece'),
	(46, 'Huawei P20', 'Lenovo', 'OnePlus One', 0, 'piece'),
	(47, 'Xiaomi Mi 8 SE', 'Sony Ericsson', 'Google Pixel 4', 0, 'piece'),
	(48, 'Samsung Galaxy S2', 'Panasonic', 'iPhone SE (3rd gen)', 0, 'piece'),
	(49, 'iPhone 3G', 'Lenovo', 'Samsung Galaxy S3 Mini', 0, 'piece'),
	(50, 'Huawei P20 Pro', 'ASUS', 'Google Pixel 3a', 0, 'piece'),
	(51, 'OnePlus One', 'ASUS', 'Huawei Mate 20 Pro', 0, 'piece'),
	(52, 'iPhone 14 Plus', 'T-Mobile', 'Google Pixel 4a', 0, 'piece'),
	(53, 'Google Pixel 6', 'Dell', 'iPhone 13 Pro', 0, 'piece'),
	(54, 'Huawei Mate 20', 'Plum', 'Google Pixel 2', 0, 'piece'),
	(55, 'iPhone 5C', 'Acer', 'Google Pixel XL', 0, 'piece'),
	(56, 'Google Pixel 7', 'Microsoft', 'Google Pixel 2', 0, 'piece'),
	(57, 'Huawei Mate 9', 'Siemens', 'Google Pixel 7 Pro', 0, 'piece'),
	(58, 'Samsung Galaxy S6 Edge', 'Amazon', 'iPhone 5S', 0, 'piece'),
	(59, 'Samsung Galaxy S8', 'Amazon', 'iPhone X', 0, 'piece'),
	(60, 'Samsung Galaxy S7 Edge', 'Apple', 'Huawei P Smart', 0, 'piece'),
	(61, 'OnePlus 6', 'Dell', 'iPhone 3GS', 0, 'piece'),
	(62, 'Huawei P10', 'BlackBerry', 'iPhone 11 Pro Max', 0, 'piece'),
	(63, 'iPhone SE (3rd gen)', 'ASUS', 'Google Pixel 3 XL', 0, 'piece'),
	(64, 'Xiaomi Redmi Note 6 Pro', 'Dell', 'Google Pixel 5a 5G', 0, 'piece'),
	(65, 'Google Pixel 6 Pro', 'Sony Ericsson', 'Xiaomi Redmi Note 6 Pro', 0, 'piece'),
	(66, 'Google Pixel 6 Pro', 'Apple', 'OnePlus 3', 0, 'piece'),
	(67, 'Google Pixel 5a 5G', 'QMobile', 'Xiaomi Mi 8 SE', 0, 'piece'),
	(68, 'iPhone SE (3rd gen)', 'Apple', 'Samsung Galaxy S6 Edge', 0, 'piece'),
	(69, 'OnePlus 5', 'Lenovo', 'Huawei P20 Pro', 0, 'piece'),
	(70, 'Samsung Galaxy S1', 'Acer', 'OnePlus 3T', 0, 'piece'),
	(71, 'Huawei Mate 20', 'Dell', 'Xiaomi Mi 8', 0, 'piece'),
	(72, 'Huawei Mate 20', 'OnePlus', 'OnePlus 6', 0, 'piece'),
	(73, 'Xiaomi Redmi Note 6 Pro', 'Oppo', 'iPhone 11 Pro', 0, 'piece'),
	(74, 'Xiaomi Redmi Note 6 Pro', 'ASUS', 'Huawei P10 Plus', 0, 'piece'),
	(75, 'Google Pixel 5', 'HTC', 'iPhone 12', 0, 'piece'),
	(76, 'OnePlus 2', 'BlackBerry', 'Google Pixel 3 XL', 0, 'piece'),
	(77, 'iPhone 14 Pro', 'Apple', 'OnePlus 5', 0, 'piece'),
	(78, 'Google Pixel 3 XL', 'Acer', 'Google Pixel', 0, 'piece'),
	(79, 'iPhone 12 mini', 'T-Mobile', 'iPhone SE (2nd gen)', 0, 'piece'),
	(80, 'iPhone 12 mini', 'Acer', 'Google Pixel 2 XL', 0, 'piece'),
	(81, 'Samsung Galaxy S3', 'Amazon', 'Samsung Galaxy S3', 0, 'piece'),
	(82, 'iPhone 7 / 7 Plus', 'Amazon', 'Samsung Galaxy S8', 0, 'piece'),
	(83, 'OnePlus 2', 'Oppo', 'Google Pixel 4', 0, 'piece'),
	(84, 'iPhone 4', 'Nokia', 'Xiaomi Pocophone F1', 0, 'piece'),
	(85, 'Samsung Galaxy S5', 'Philips', 'iPhone 14 Pro Max', 0, 'piece'),
	(86, 'OnePlus 5T', 'Oppo', 'Huawei Mate 10 Pro', 0, 'piece'),
	(87, 'iPhone 13 Pro Max', 'Acer', 'Huawei Mate 20', 0, 'piece'),
	(88, 'iPhone XS', 'Acer', 'Google Pixel 6', 0, 'piece'),
	(89, 'iPhone 8 / 8 Plus', 'HTC', 'iPhone 4', 0, 'piece'),
	(90, 'Huawei Mate 10 Pro', 'Amazon', 'Huawei P10 Plus', 0, 'piece'),
	(91, 'Huawei P Smart', 'OnePlus', 'Google Pixel 4', 0, 'piece'),
	(92, 'Huawei Mate 20 Pro', 'OnePlus', 'Google Pixel 4a', 0, 'piece'),
	(93, 'iPhone 12', 'Samsung', 'OnePlus 6T', 0, 'piece'),
	(94, 'iPhone 3G', 'Apple', 'Samsung Galaxy S8', 0, 'piece'),
	(95, 'iPhone 4', 'Xiamomi', 'Samsung Galaxy S4', 0, 'piece'),
	(96, 'iPhone 6 / 6 Plus', 'Lenovo', 'Samsung Galaxy S4', 0, 'piece'),
	(97, 'Google Pixel XL', 'Siemens', 'iPhone 5', 0, 'piece'),
	(98, 'Google Pixel 6a', 'Oppo', 'iPhone SE (2nd gen)', 0, 'piece'),
	(99, 'iPhone X', 'Philips', 'Google Pixel 4a', 0, 'piece'),
	(100, 'Huawei Mate 9', 'Sharp', 'iPhone 14 Pro', 0, 'piece'),
	(101, 'iPhone XS', 'HP', 'iPhone 14 Plus', 0, 'piece'),
	(102, 'Xiaomi Redmi Note 6 Pro', 'Plum', 'OnePlus One', 0, 'piece'),
	(103, 'Google Pixel 5a 5G', 'Lenovo', 'iPhone 11 Pro Max', 0, 'piece'),
	(104, 'Huawei Mate 20 Pro', 'BlackBerry', 'Xiaomi Mi 8 SE', 0, 'piece'),
	(105, 'OnePlus 3T', 'Xiamomi', 'iPhone 13 Pro', 0, 'piece'),
	(106, 'Samsung Galaxy S4 Mini', 'HP', 'Google Pixel 3a XL', 0, 'piece'),
	(107, 'Samsung Galaxy S1', 'Xiamomi', 'Google Pixel 7', 0, 'piece'),
	(108, 'iPhone 6 / 6 Plus', 'Apple', 'Google Pixel 7', 0, 'piece'),
	(109, 'Samsung Galaxy S5', 'Siemens', 'Google Pixel 4a', 0, 'piece'),
	(110, 'Samsung Galaxy S9', 'ASUS', 'Xiaomi Redmi Note 6 Pro', 0, 'piece'),
	(111, 'Huawei Mate 20 Lite', 'Panasonic', 'Huawei P Smart', 0, 'piece'),
	(112, 'iPhone 12 Pro Max', 'Sony Ericsson', 'Samsung Galaxy S3 Mini', 0, 'piece'),
	(113, 'Xiaomi Mi 8', 'Sharp', 'Google Pixel 7', 0, 'piece'),
	(114, 'Xiaomi Mi 8 SE', 'Xiamomi', 'iPhone SE', 0, 'piece'),
	(115, 'Huawei Mate 20 Pro', 'Sony Ericsson', 'Xiaomi Mi 8 SE', 0, 'piece'),
	(116, 'iPhone 5C', 'Apple', 'iPhone 6S / 6S Plus', 0, 'piece'),
	(117, 'Google Pixel 2 XL', 'Sony Ericsson', 'Xiaomi Mi 8', 0, 'piece'),
	(118, 'OnePlus 3', 'ASUS', 'OnePlus 5T', 0, 'piece'),
	(119, 'iPhone 8 / 8 Plus', 'Plum', 'Samsung Galaxy S7 Edge', 0, 'piece'),
	(120, 'Google Pixel 6', 'QMobile', 'Google Pixel 6a', 0, 'piece'),
	(121, 'iPhone 13 Pro Max', 'Sony', 'iPhone 6S / 6S Plus', 0, 'piece'),
	(122, 'iPhone 13 Pro Max', 'Amazon', 'iPhone 14 Pro', 0, 'piece'),
	(123, 'OnePlus 3T', 'Xiamomi', 'Samsung Galaxy S4', 0, 'piece'),
	(124, 'OnePlus 6T', 'Plum', 'iPhone 14 Pro Max', 0, 'piece'),
	(125, 'iPhone', 'Sony Ericsson', 'iPhone 11 Pro', 0, 'piece'),
	(126, 'iPhone SE', 'HP', 'iPhone 11 Pro', 0, 'piece'),
	(127, 'Xiaomi Mi 8', 'OnePlus', 'Huawei P10 Plus', 0, 'piece'),
	(128, 'Google Pixel 6', 'Microsoft', 'Samsung Galaxy S2', 0, 'piece'),
	(129, 'Huawei Mate 20', 'QMobile', 'Google Pixel 3a', 0, 'piece'),
	(130, 'iPhone 5C', 'Sharp', 'iPhone 11 Pro Max', 0, 'piece'),
	(131, 'iPhone 8 / 8 Plus', 'Sony Ericsson', 'iPhone 4S', 0, 'piece'),
	(132, 'OnePlus One', 'Lenovo', 'iPhone XR', 0, 'piece'),
	(133, 'Huawei P20', 'Siemens', 'Google Pixel 3 XL', 0, 'piece'),
	(134, 'Google Pixel 7', 'Nokia', 'Google Pixel 3a XL', 0, 'piece'),
	(135, 'iPhone 3GS', 'Philips', 'Google Pixel 4a', 0, 'piece'),
	(136, 'Google Pixel 6a', 'ASUS', 'iPhone 12 Pro Max', 0, 'piece'),
	(137, 'Xiaomi Mi 8 Lite', 'Philips', 'Google Pixel 6', 0, 'piece'),
	(138, 'iPhone 8 / 8 Plus', 'Apple', 'iPhone 12 mini', 0, 'piece'),
	(139, 'iPhone 5C', 'Plum', 'iPhone 12 Pro Max', 0, 'piece'),
	(140, 'Xiaomi Redmi Note 6 Pro', 'Oppo', 'Google Pixel 3a XL', 0, 'piece'),
	(141, 'Samsung Galaxy S6 Edge', 'Dell', 'iPhone 5S', 0, 'piece'),
	(142, 'OnePlus 5', 'Lenovo', 'iPhone 5S', 0, 'piece'),
	(143, 'iPhone 6S / 6S Plus', 'Xiamomi', 'Xiaomi Redmi Note 6 Pro', 0, 'piece'),
	(144, 'Xiaomi Pocophone F1', 'HP', 'OnePlus 5', 0, 'piece'),
	(145, 'Samsung Galaxy S8 Plus', 'Philips', 'Huawei Mate 9', 0, 'piece'),
	(146, 'Samsung Galaxy S8', 'OnePlus', 'Google Pixel 6 Pro', 0, 'piece'),
	(147, 'Huawei P20 Pro', 'OnePlus', 'iPhone SE', 0, 'piece'),
	(148, 'Samsung Galaxy S8 Plus', 'T-Mobile', 'Google Pixel 3', 0, 'piece'),
	(149, 'iPhone SE (2nd gen)', 'Philips', 'Huawei Mate 20 Lite', 0, 'piece'),
	(150, 'OnePlus 6T', 'Amazon', 'Google Pixel 3', 0, 'piece'),
	(151, 'iPhone 13 Pro', 'Huawei', 'Samsung Galaxy S8 Plus', 0, 'piece'),
	(152, 'OnePlus 6', 'Sony', 'iPhone 14', 0, 'piece'),
	(153, 'iPhone 5', 'Acer', 'iPhone 13 Pro Max', 0, 'piece'),
	(154, 'Huawei P Smart', 'Acer', 'iPhone 12 Pro Max', 0, 'piece'),
	(155, 'Google Pixel 7 Pro', 'Sharp', 'iPhone 5C', 0, 'piece'),
	(156, 'Samsung Galaxy S4 Mini', 'Xiamomi', 'Samsung Galaxy S3 Mini', 0, 'piece'),
	(157, 'Samsung Galaxy S7 Edge', 'ASUS', 'iPhone XR', 0, 'piece'),
	(158, 'Google Pixel 4a', 'OnePlus', 'iPhone 5', 0, 'piece'),
	(159, 'iPhone 13 Pro', 'Panasonic', 'OnePlus 6T', 0, 'piece'),
	(160, 'iPhone 3GS', 'Acer', 'Samsung Galaxy S3 Mini', 0, 'piece'),
	(161, 'Samsung Galaxy S9', 'HTC', 'Samsung Galaxy S7 Edge', 0, 'piece'),
	(162, 'iPhone SE (2nd gen)', 'OnePlus', 'Google Pixel 3a', 0, 'piece'),
	(163, 'iPhone 12', 'OnePlus', 'Samsung Galaxy S8 Plus', 0, 'piece'),
	(164, 'Google Pixel 3a XL', 'OnePlus', 'iPhone 4', 0, 'piece'),
	(165, 'Google Pixel 2 XL', 'Panasonic', 'iPhone SE (2nd gen)', 0, 'piece'),
	(166, 'iPhone 11', 'Siemens', 'Xiaomi Mi 8', 0, 'piece'),
	(167, 'Huawei P10 Plus', 'Acer', 'Google Pixel 5a 5G', 0, 'piece'),
	(168, 'iPhone 13 Pro', 'Amazon', 'iPhone 13 Pro', 0, 'piece'),
	(169, 'Xiaomi Pocophone F1', 'Xiamomi', 'iPhone X', 0, 'piece'),
	(170, 'Google Pixel 5a 5G', 'ASUS', 'Samsung Galaxy S5', 0, 'piece'),
	(171, 'Samsung Galaxy S7 Edge', 'Nokia', 'Samsung Galaxy S9', 0, 'piece'),
	(172, 'Xiaomi Mi 8 Pro', 'Oppo', 'iPhone 3G', 0, 'piece'),
	(173, 'Samsung Galaxy S3 Mini', 'T-Mobile', 'OnePlus 3T', 0, 'piece'),
	(174, 'Google Pixel 7 Pro', 'Nokia', 'Huawei P20 Pro', 0, 'piece'),
	(175, 'iPhone 13 Pro Max', 'Amazon', 'Samsung Galaxy S8', 0, 'piece'),
	(176, 'iPhone 14', 'Sony Ericsson', 'Samsung Galaxy S6 Edge', 0, 'piece'),
	(177, 'Google Pixel 6', 'Sony Ericsson', 'iPhone 3G', 0, 'piece'),
	(178, 'Huawei Mate 9', 'Acer', 'iPhone 3G', 0, 'piece'),
	(179, 'Google Pixel', 'HTC', 'Huawei Mate 20 Lite', 0, 'piece'),
	(180, 'OnePlus 6T', 'Sharp', 'iPhone 3G', 0, 'piece'),
	(181, 'OnePlus 6T', 'OnePlus', 'iPhone 13 Pro Max', 0, 'piece'),
	(182, 'iPhone 11 Pro Max', 'Sony Ericsson', 'Huawei Mate 20', 0, 'piece'),
	(183, 'Huawei Mate 20 Lite', 'Philips', 'iPhone 13 mini', 0, 'piece'),
	(184, 'iPhone 5C', 'Siemens', 'iPhone 11 Pro Max', 0, 'piece'),
	(185, 'iPhone 6S / 6S Plus', 'Apple', 'OnePlus 5T', 0, 'piece'),
	(186, 'iPhone 14 Pro', 'Sony', 'Google Pixel 4a', 0, 'piece'),
	(187, 'OnePlus One', 'Apple', 'Google Pixel 5a 5G', 0, 'piece'),
	(188, 'iPhone 11 Pro', 'Huawei', 'Huawei Mate 20', 0, 'piece'),
	(189, 'Google Pixel 7', 'Sony', 'Samsung Galaxy S8', 0, 'piece'),
	(190, 'Google Pixel 4', 'Xiamomi', 'iPhone 7 / 7 Plus', 0, 'piece'),
	(191, 'Samsung Galaxy S8 Plus', 'HTC', 'iPhone 11 Pro Max', 0, 'piece'),
	(192, 'Xiaomi Mi 8 Lite', 'ASUS', 'Google Pixel XL', 0, 'piece'),
	(193, 'iPhone SE (2nd gen)', 'HP', 'Google Pixel 6 Pro', 0, 'piece'),
	(194, 'iPhone 14', 'Sharp', 'Google Pixel 7', 0, 'piece'),
	(195, 'iPhone 11 Pro Max', 'Siemens', 'Google Pixel 4a', 0, 'piece'),
	(196, 'Google Pixel 7', 'Motorola', 'OnePlus 2', 0, 'piece'),
	(197, 'OnePlus One', 'HTC', 'Xiaomi Pocophone F1', 0, 'piece'),
	(198, 'iPhone 11 Pro Max', 'Sharp', 'iPhone 11 Pro Max', 0, 'piece'),
	(199, 'Xiaomi Redmi Note 6 Pro', 'Xiamomi', 'Samsung Galaxy S7', 0, 'piece'),
	(200, 'iPhone XR', 'Panasonic', 'Google Pixel 6', 0, 'piece'),
	(201, 'Xiaomi Redmi Note 6 Pro', 'HTC', 'Samsung Galaxy S4', 0, 'piece'),
	(202, 'Samsung Galaxy S7', 'Siemens', 'Huawei Mate 20 Pro', 0, 'piece'),
	(203, 'iPhone', 'Xiamomi', 'Huawei P Smart', 0, 'piece'),
	(204, 'Google Pixel 5', 'Sharp', 'OnePlus 5', 0, 'piece'),
	(205, 'iPhone 5', 'Microsoft', 'iPhone 11 Pro', 0, 'piece'),
	(206, 'iPhone 4S', 'ASUS', 'Google Pixel 5a 5G', 0, 'piece'),
	(207, 'Samsung Galaxy S8', 'Sharp', 'Google Pixel 5a 5G', 0, 'piece'),
	(208, 'iPhone 12 Pro', 'Sony Ericsson', 'iPhone 6S / 6S Plus', 0, 'piece'),
	(209, 'iPhone SE', 'BlackBerry', 'Huawei P20', 0, 'piece'),
	(210, 'Samsung Galaxy S3', 'Philips', 'iPhone 14 Pro Max', 0, 'piece'),
	(211, 'iPhone 11 Pro Max', 'Panasonic', 'iPhone 12 Pro', 0, 'piece'),
	(212, 'iPhone 14 Pro Max', 'Lenovo', 'Google Pixel 5a 5G', 0, 'piece'),
	(213, 'Google Pixel 6', 'Acer', 'Google Pixel 3a', 0, 'piece'),
	(214, 'Google Pixel 7 Pro', 'Nokia', 'iPhone XS', 0, 'piece'),
	(215, 'Google Pixel 4', 'Microsoft', 'Google Pixel 6a', 0, 'piece'),
	(216, 'OnePlus 5', 'ASUS', 'iPhone 6S / 6S Plus', 0, 'piece'),
	(217, 'OnePlus 5', 'Plum', 'Xiaomi Mi 8', 0, 'piece'),
	(218, 'iPhone 11 Pro', 'ASUS', 'iPhone', 0, 'piece'),
	(219, 'iPhone 3G', 'Dell', 'Samsung Galaxy S6 Edge', 0, 'piece'),
	(220, 'iPhone 6 / 6 Plus', 'Amazon', 'iPhone', 0, 'piece'),
	(221, 'iPhone 13 mini', 'Sony Ericsson', 'iPhone SE (2nd gen)', 0, 'piece'),
	(222, 'Huawei P20', 'Dell', 'Samsung Galaxy S6 Edge', 0, 'piece'),
	(223, 'iPhone 5S', 'BlackBerry', 'Google Pixel 5a 5G', 0, 'piece'),
	(224, 'Google Pixel 6a', 'Apple', 'iPhone 11 Pro', 0, 'piece'),
	(225, 'iPhone', 'OnePlus', 'Samsung Galaxy S1', 0, 'piece'),
	(226, 'Samsung Galaxy S4', 'Lenovo', 'Samsung Galaxy S3', 0, 'piece'),
	(227, 'Samsung Galaxy S7', 'Nokia', 'OnePlus 3', 0, 'piece'),
	(228, 'Xiaomi Mi 8 Lite', 'Microsoft', 'iPhone', 0, 'piece'),
	(229, 'Google Pixel 7 Pro', 'QMobile', 'iPhone SE (3rd gen)', 0, 'piece'),
	(230, 'Google Pixel 4 XL', 'Sony Ericsson', 'iPhone 6 / 6 Plus', 0, 'piece'),
	(231, 'Huawei Mate 20 Pro', 'Panasonic', 'iPhone SE (3rd gen)', 0, 'piece'),
	(232, 'iPhone 12 mini', 'QMobile', 'Samsung Galaxy S4', 0, 'piece'),
	(233, 'OnePlus 2', 'Nokia', 'Google Pixel 4 XL', 0, 'piece'),
	(234, 'iPhone 3GS', 'Siemens', 'Xiaomi Mi 8', 0, 'piece'),
	(235, 'Xiaomi Mi 8 Lite', 'Plum', 'OnePlus 5', 0, 'piece'),
	(236, 'Huawei Mate 20 Pro', 'Apple', 'Google Pixel 2 XL', 0, 'piece'),
	(237, 'OnePlus 3', 'BlackBerry', 'iPhone 8 / 8 Plus', 0, 'piece'),
	(238, 'iPhone 12 Pro Max', 'Apple', 'Google Pixel 4 XL', 0, 'piece'),
	(239, 'Google Pixel 6 Pro', 'Microsoft', 'iPhone 12 mini', 0, 'piece'),
	(240, 'Google Pixel 4 XL', 'Lenovo', 'iPhone SE (2nd gen)', 0, 'piece'),
	(241, 'iPhone 14 Pro Max', 'OnePlus', 'Google Pixel 4a', 0, 'piece'),
	(242, 'iPhone 14', 'Acer', 'iPhone 5C', 0, 'piece'),
	(243, 'Samsung Galaxy S9', 'Sharp', 'Samsung Galaxy S4 Mini', 0, 'piece'),
	(244, 'Huawei P10 Plus', 'Sharp', 'iPhone 13 Pro Max', 0, 'piece'),
	(245, 'Google Pixel 7 Pro', 'BlackBerry', 'iPhone 12 mini', 0, 'piece'),
	(246, 'iPhone 6S / 6S Plus', 'Microsoft', 'Samsung Galaxy S4 Mini', 0, 'piece'),
	(247, 'Huawei Mate 10 Pro', 'HP', 'Xiaomi Redmi Note 6 Pro', 0, 'piece'),
	(248, 'iPhone 4', 'Dell', 'iPhone 13 Pro Max', 0, 'piece'),
	(249, 'iPhone 11 Pro Max', 'ASUS', 'iPhone 5S', 0, 'piece'),
	(250, 'OnePlus 5', 'BlackBerry', 'OnePlus 2', 0, 'piece'),
	(251, 'Samsung Galaxy S7', 'Dell', 'OnePlus 5T', 0, 'piece'),
	(252, 'OnePlus 3', 'Amazon', 'iPhone 14', 0, 'piece'),
	(253, 'Google Pixel 4 XL', 'Oppo', 'Huawei Mate 10 Pro', 0, 'piece'),
	(254, 'Google Pixel 2 XL', 'BlackBerry', 'Xiaomi Pocophone F1', 0, 'piece'),
	(255, 'Google Pixel', 'BlackBerry', 'Google Pixel 3a', 0, 'piece'),
	(256, 'Samsung Galaxy S3', 'OnePlus', 'Samsung Galaxy S9', 0, 'piece'),
	(257, 'Google Pixel 7 Pro', 'OnePlus', 'iPhone 11', 0, 'piece'),
	(258, 'OnePlus 3', 'Oppo', 'iPhone X', 0, 'piece'),
	(259, 'Xiaomi Pocophone F1', 'Sony Ericsson', 'Google Pixel 4a', 0, 'piece'),
	(260, 'iPhone 14 Pro', 'Apple', 'OnePlus 6T', 0, 'piece'),
	(261, 'iPhone 6S / 6S Plus', 'Philips', 'iPhone 12 Pro', 0, 'piece'),
	(262, 'Samsung Galaxy S8', 'Samsung', 'Huawei Mate 10 Pro', 0, 'piece'),
	(263, 'iPhone 5C', 'Sony', 'Samsung Galaxy S8', 0, 'piece'),
	(264, 'Samsung Galaxy S8 Plus', 'Dell', 'OnePlus 5T', 0, 'piece'),
	(265, 'Google Pixel 7 Pro', 'Plum', 'Google Pixel 6a', 0, 'piece'),
	(266, 'Google Pixel', 'Sony', 'Huawei Mate 20 Pro', 0, 'piece'),
	(267, 'Google Pixel 7 Pro', 'Plum', 'iPhone SE (2nd gen)', 0, 'piece'),
	(268, 'OnePlus 3', 'QMobile', 'iPhone XS', 0, 'piece'),
	(269, 'Google Pixel 6a', 'QMobile', 'iPhone 11', 0, 'piece'),
	(270, 'iPhone 7 / 7 Plus', 'Oppo', 'Huawei P20 Pro', 0, 'piece'),
	(271, 'Huawei Mate 10 Pro', 'Amazon', 'Google Pixel 7', 0, 'piece'),
	(272, 'OnePlus 5', 'T-Mobile', 'iPhone 6S / 6S Plus', 0, 'piece'),
	(273, 'iPhone 14 Pro', 'Xiamomi', 'Google Pixel 5a 5G', 0, 'piece'),
	(274, 'OnePlus 3', 'Sharp', 'iPhone 14 Pro Max', 0, 'piece'),
	(275, 'iPhone XS', 'Samsung', 'iPhone XR', 0, 'piece'),
	(276, 'Google Pixel 3 XL', 'Acer', 'iPhone XS', 0, 'piece'),
	(277, 'Samsung Galaxy S8', 'Amazon', 'Samsung Galaxy S9', 0, 'piece'),
	(278, 'iPhone XR', 'Nokia', 'iPhone 5S', 0, 'piece'),
	(279, 'Samsung Galaxy S8 Plus', 'Lenovo', 'iPhone SE (2nd gen)', 0, 'piece'),
	(280, 'Google Pixel 7 Pro', 'OnePlus', 'iPhone 11', 0, 'piece'),
	(281, 'Xiaomi Mi 8', 'Dell', 'iPhone 12', 0, 'piece'),
	(282, 'Xiaomi Mi 8 Lite', 'Lenovo', 'Google Pixel 6', 0, 'piece'),
	(283, 'Xiaomi Redmi Note 6 Pro', 'Sony Ericsson', 'Google Pixel 7', 0, 'piece'),
	(284, 'Google Pixel 3', 'Lenovo', 'iPhone SE', 0, 'piece'),
	(285, 'OnePlus 6', 'BlackBerry', 'iPhone 11 Pro', 0, 'piece'),
	(286, 'iPhone XR', 'Siemens', 'iPhone 3G', 0, 'piece'),
	(287, 'iPhone 12 Pro', 'QMobile', 'iPhone 14 Pro Max', 0, 'piece'),
	(288, 'iPhone 4', 'Philips', 'Xiaomi Mi 8', 0, 'piece'),
	(289, 'iPhone XS', 'Plum', 'iPhone 14 Pro', 0, 'piece'),
	(290, 'iPhone 13 mini', 'HP', 'iPhone 12 Pro Max', 0, 'piece'),
	(291, 'Xiaomi Mi 8 Pro', 'Sony Ericsson', 'Google Pixel 2 XL', 0, 'piece'),
	(292, 'iPhone X', 'Huawei', 'Huawei Mate 20', 0, 'piece'),
	(293, 'Google Pixel XL', 'HP', 'Google Pixel', 0, 'piece'),
	(294, 'OnePlus 6', 'ASUS', 'Google Pixel 5a 5G', 0, 'piece'),
	(295, 'Google Pixel 7', 'Xiamomi', 'Samsung Galaxy S5', 0, 'piece'),
	(296, 'iPhone 13 mini', 'HP', 'Samsung Galaxy S5', 0, 'piece'),
	(297, 'iPhone 4', 'Sharp', 'iPhone 12', 0, 'piece'),
	(298, 'Xiaomi Redmi Note 6 Pro', 'Panasonic', 'Google Pixel 5', 0, 'piece'),
	(299, 'iPhone SE (3rd gen)', 'Philips', 'iPhone 12', 0, 'piece'),
	(300, 'Samsung Galaxy S3', 'Apple', 'Samsung Galaxy S2', 0, 'piece'),
	(301, 'iPhone 13', 'Microsoft', 'Xiaomi Mi 8 SE', 0, 'piece'),
	(302, 'iPhone 6S / 6S Plus', 'Xiamomi', 'iPhone 6 / 6 Plus', 0, 'piece'),
	(303, 'iPhone 3G', 'Sony', 'Samsung Galaxy S3 Mini', 0, 'piece'),
	(304, 'Samsung Galaxy S3', 'Samsung', 'Google Pixel 3a XL', 0, 'piece'),
	(305, 'Google Pixel 3a XL', 'T-Mobile', 'iPhone 14 Pro Max', 0, 'piece'),
	(306, 'iPhone XS', 'Siemens', 'iPhone 12 mini', 0, 'piece'),
	(307, 'Google Pixel 4 XL', 'Panasonic', 'iPhone 13 Pro Max', 0, 'piece'),
	(308, 'Huawei P20 Pro', 'Sony Ericsson', 'Google Pixel 4', 0, 'piece'),
	(309, 'Google Pixel 6 Pro', 'Philips', 'OnePlus 6', 0, 'piece'),
	(310, 'iPhone X', 'HTC', 'iPhone 13 Pro Max', 0, 'piece'),
	(311, 'Xiaomi Mi 8 SE', 'T-Mobile', 'iPhone', 0, 'piece'),
	(312, 'Google Pixel XL', 'Panasonic', 'iPhone 6 / 6 Plus', 0, 'piece'),
	(313, 'Google Pixel 7 Pro', 'OnePlus', 'iPhone SE', 0, 'piece'),
	(314, 'iPhone 11 Pro', 'Sharp', 'Google Pixel', 0, 'piece'),
	(315, 'iPhone 12 mini', 'Amazon', 'Huawei Mate 9', 0, 'piece'),
	(316, 'Samsung Galaxy S3', 'Microsoft', 'OnePlus 6T', 0, 'piece'),
	(317, 'Samsung Galaxy S4 Mini', 'Nokia', 'iPhone 3G', 0, 'piece'),
	(318, 'Huawei Mate 20 Pro', 'Plum', 'OnePlus 3T', 0, 'piece'),
	(319, 'iPhone 5S', 'Apple', 'Google Pixel', 0, 'piece'),
	(320, 'Google Pixel 6 Pro', 'Sony', 'iPhone 11 Pro', 0, 'piece'),
	(321, 'Google Pixel 6 Pro', 'Sharp', 'iPhone X', 0, 'piece'),
	(322, 'Huawei P20', 'T-Mobile', 'OnePlus 5', 0, 'piece'),
	(323, 'Google Pixel 7 Pro', 'Motorola', 'OnePlus 5', 0, 'piece'),
	(324, 'iPhone 6 / 6 Plus', 'OnePlus', 'Google Pixel 6', 0, 'piece'),
	(325, 'iPhone 11 Pro Max', 'Sharp', 'Xiaomi Pocophone F1', 0, 'piece'),
	(326, 'Google Pixel 4a', 'Dell', 'Google Pixel 4a', 0, 'piece'),
	(327, 'Samsung Galaxy S5', 'Xiamomi', 'Huawei P20 Pro', 0, 'piece'),
	(328, 'Samsung Galaxy S5', 'Nokia', 'Samsung Galaxy S6 Edge', 0, 'piece'),
	(329, 'Google Pixel XL', 'Philips', 'iPhone 11 Pro Max', 0, 'piece'),
	(330, 'iPhone 14', 'Philips', 'Google Pixel 2 XL', 0, 'piece'),
	(331, 'Samsung Galaxy S6 Edge', 'Apple', 'iPhone SE (3rd gen)', 0, 'piece'),
	(332, 'iPhone 5C', 'BlackBerry', 'Google Pixel 4a', 0, 'piece'),
	(333, 'iPhone 14 Pro Max', 'OnePlus', 'Google Pixel 5a 5G', 0, 'piece'),
	(334, 'Google Pixel 3 XL', 'ASUS', 'Samsung Galaxy S3', 0, 'piece'),
	(335, 'Xiaomi Mi 8 SE', 'Sony Ericsson', 'Samsung Galaxy S2', 0, 'piece'),
	(336, 'Huawei P Smart', 'OnePlus', 'iPhone 13 Pro', 0, 'piece'),
	(337, 'Xiaomi Mi 8 SE', 'Dell', 'Google Pixel 2', 0, 'piece'),
	(338, 'Samsung Galaxy S3 Mini', 'Xiamomi', 'Samsung Galaxy S1', 0, 'piece'),
	(339, 'iPhone 5C', 'Oppo', 'Google Pixel 4 XL', 0, 'piece'),
	(340, 'Google Pixel 3 XL', 'Motorola', 'Samsung Galaxy S7', 0, 'piece'),
	(341, 'Xiaomi Pocophone F1', 'Apple', 'Google Pixel 6', 0, 'piece'),
	(342, 'Samsung Galaxy S8 Plus', 'ASUS', 'iPhone 4', 0, 'piece'),
	(343, 'iPhone 11 Pro', 'Sharp', 'OnePlus 3T', 0, 'piece'),
	(344, 'iPhone 14 Plus', 'Sony', 'iPhone 5', 0, 'piece'),
	(345, 'Google Pixel 6 Pro', 'Acer', 'Samsung Galaxy S7 Edge', 0, 'piece'),
	(346, 'iPhone XS', 'BlackBerry', 'Google Pixel 7 Pro', 0, 'piece'),
	(347, 'Samsung Galaxy S8 Plus', 'Oppo', 'Google Pixel 3', 0, 'piece'),
	(348, 'OnePlus 3', 'Dell', 'Google Pixel 3a XL', 0, 'piece'),
	(349, 'iPhone 14 Pro', 'Nokia', 'iPhone 13', 0, 'piece'),
	(350, 'iPhone 12', 'Plum', 'Google Pixel 4a', 0, 'piece'),
	(351, 'Huawei P20', 'Philips', 'iPhone 14 Pro Max', 0, 'piece'),
	(352, 'iPhone 14 Pro Max', 'ASUS', 'Google Pixel 3a', 0, 'piece'),
	(353, 'iPhone SE', 'Samsung', 'iPhone 13 mini', 0, 'piece'),
	(354, 'iPhone 12 Pro', 'Siemens', 'iPhone 5S', 0, 'piece'),
	(355, 'Xiaomi Mi 8 Lite', 'Apple', 'iPhone 14 Pro Max', 0, 'piece'),
	(356, 'Samsung Galaxy S2', 'Plum', 'iPhone 6S / 6S Plus', 0, 'piece'),
	(357, 'iPhone XS Max', 'Lenovo', 'iPhone SE', 0, 'piece'),
	(358, 'Google Pixel 7 Pro', 'Microsoft', 'Google Pixel 3a XL', 0, 'piece'),
	(359, 'iPhone 11 Pro', 'Plum', 'Samsung Galaxy S4', 0, 'piece'),
	(360, 'OnePlus 3T', 'QMobile', 'iPhone 11 Pro', 0, 'piece'),
	(361, 'iPhone 14 Plus', 'Xiamomi', 'iPhone 12 Pro', 0, 'piece'),
	(362, 'iPhone 11 Pro Max', 'Sharp', 'OnePlus One', 0, 'piece'),
	(363, 'iPhone 5', 'Motorola', 'Samsung Galaxy S8', 0, 'piece'),
	(364, 'Samsung Galaxy S5', 'Sony', 'iPhone 13', 0, 'piece'),
	(365, 'iPhone 11 Pro', 'Panasonic', 'Google Pixel 3', 0, 'piece'),
	(366, 'Samsung Galaxy S6 Edge', 'BlackBerry', 'Huawei Mate 9', 0, 'piece'),
	(367, 'Google Pixel 7', 'Philips', 'OnePlus 5T', 0, 'piece'),
	(368, 'Google Pixel XL', 'T-Mobile', 'iPhone XS', 0, 'piece'),
	(369, 'iPhone 12 Pro', 'Lenovo', 'Google Pixel 3a XL', 0, 'piece'),
	(370, 'Huawei Mate 10 Pro', 'Philips', 'Huawei P Smart', 0, 'piece'),
	(371, 'OnePlus 6', 'BlackBerry', 'Huawei Mate 20 Lite', 0, 'piece'),
	(372, 'OnePlus 3T', 'QMobile', 'Google Pixel 4', 0, 'piece'),
	(373, 'Google Pixel 3 XL', 'ASUS', 'Huawei Mate 10 Pro', 0, 'piece'),
	(374, 'iPhone 13', 'Samsung', 'iPhone 5S', 0, 'piece'),
	(375, 'Google Pixel 2', 'Motorola', 'iPhone 4S', 0, 'piece'),
	(376, 'Google Pixel 3a', 'QMobile', 'Huawei P10 Plus', 0, 'piece'),
	(377, 'Google Pixel 3', 'Oppo', 'OnePlus 3', 0, 'piece'),
	(378, 'iPhone 14', 'T-Mobile', 'iPhone 14 Pro', 0, 'piece'),
	(379, 'iPhone', 'Microsoft', 'Samsung Galaxy S5', 0, 'piece'),
	(380, 'iPhone', 'Sony Ericsson', 'iPhone 14 Pro', 0, 'piece'),
	(381, 'Google Pixel 4', 'Nokia', 'iPhone 4S', 0, 'piece'),
	(382, 'Samsung Galaxy S9', 'Oppo', 'OnePlus 3T', 0, 'piece'),
	(383, 'OnePlus One', 'Lenovo', 'Google Pixel 3a XL', 0, 'piece'),
	(384, 'iPhone 5C', 'Sony Ericsson', 'iPhone 4', 0, 'piece'),
	(385, 'OnePlus 3', 'Xiamomi', 'iPhone 6S / 6S Plus', 0, 'piece'),
	(386, 'iPhone 12 mini', 'Apple', 'iPhone 13 Pro', 0, 'piece'),
	(387, 'iPhone 5S', 'Apple', 'Google Pixel 7', 0, 'piece'),
	(388, 'Google Pixel 6a', 'QMobile', 'iPhone 6 / 6 Plus', 0, 'piece'),
	(389, 'iPhone 11 Pro', 'Huawei', 'iPhone', 0, 'piece'),
	(390, 'Huawei P20', 'HP', 'iPhone 12 Pro', 0, 'piece'),
	(391, 'Samsung Galaxy S5', 'Sony', 'iPhone 14', 0, 'piece'),
	(392, 'Huawei Mate 20', 'HTC', 'Google Pixel 5a 5G', 0, 'piece'),
	(393, 'Samsung Galaxy S8 Plus', 'Nokia', 'iPhone 11 Pro', 0, 'piece'),
	(394, 'Samsung Galaxy S7 Edge', 'Sony Ericsson', 'iPhone 14 Plus', 0, 'piece'),
	(395, 'Google Pixel 7 Pro', 'Apple', 'iPhone 12 mini', 0, 'piece'),
	(396, 'Samsung Galaxy S7', 'Philips', 'Samsung Galaxy S1', 0, 'piece'),
	(397, 'iPhone 13 Pro', 'Oppo', 'Google Pixel 7 Pro', 0, 'piece'),
	(398, 'Google Pixel 4a', 'Motorola', 'iPhone 12 Pro Max', 0, 'piece'),
	(399, 'iPhone XS', 'T-Mobile', 'Google Pixel 4 XL', 0, 'piece'),
	(400, 'Google Pixel 7', 'Oppo', 'Google Pixel 4', 0, 'piece');

-- Dumping structure for table shopping.product_image
DROP TABLE IF EXISTS `product_image`;
CREATE TABLE IF NOT EXISTS `product_image` (
  `image_id` bigint(20) NOT NULL AUTO_INCREMENT,
  `alternative` varchar(250) DEFAULT NULL,
  `path` varchar(250) NOT NULL,
  `product_id` bigint(20) DEFAULT NULL,
  PRIMARY KEY (`image_id`),
  KEY `FK6oo0cvcdtb6qmwsga468uuukk` (`product_id`),
  CONSTRAINT `FK6oo0cvcdtb6qmwsga468uuukk` FOREIGN KEY (`product_id`) REFERENCES `product` (`product_id`)
) ENGINE=InnoDB AUTO_INCREMENT=401 DEFAULT CHARSET=utf8mb4 COLLATE=utf8mb4_general_ci;

-- Dumping data for table shopping.product_image: ~400 rows (approximately)
INSERT INTO `product_image` (`image_id`, `alternative`, `path`, `product_id`) VALUES
	(1, NULL, 'https://picsum.photos/200/300?image=428', 1),
	(2, NULL, 'https://picsum.photos/200/300?image=972', 2),
	(3, NULL, 'https://picsum.photos/200/300?image=779', 3),
	(4, NULL, 'https://picsum.photos/200/300?image=550', 4),
	(5, NULL, 'https://picsum.photos/200/300?image=274', 5),
	(6, NULL, 'https://picsum.photos/200/300?image=704', 6),
	(7, NULL, 'https://picsum.photos/200/300?image=496', 7),
	(8, NULL, 'https://picsum.photos/200/300?image=966', 8),
	(9, NULL, 'https://picsum.photos/200/300?image=559', 9),
	(10, NULL, 'https://picsum.photos/200/300?image=371', 10),
	(11, NULL, 'https://picsum.photos/200/300?image=116', 11),
	(12, NULL, 'https://picsum.photos/200/300?image=237', 12),
	(13, NULL, 'https://picsum.photos/200/300?image=108', 13),
	(14, NULL, 'https://picsum.photos/200/300?image=417', 14),
	(15, NULL, 'https://picsum.photos/200/300?image=793', 15),
	(16, NULL, 'https://picsum.photos/200/300?image=951', 16),
	(17, NULL, 'https://picsum.photos/200/300?image=354', 17),
	(18, NULL, 'https://picsum.photos/200/300?image=296', 18),
	(19, NULL, 'https://picsum.photos/200/300?image=958', 19),
	(20, NULL, 'https://picsum.photos/200/300?image=408', 20),
	(21, NULL, 'https://picsum.photos/200/300?image=497', 21),
	(22, NULL, 'https://picsum.photos/200/300?image=492', 22),
	(23, NULL, 'https://picsum.photos/200/300?image=652', 23),
	(24, NULL, 'https://picsum.photos/200/300?image=288', 24),
	(25, NULL, 'https://picsum.photos/200/300?image=92', 25),
	(26, NULL, 'https://picsum.photos/200/300?image=437', 26),
	(27, NULL, 'https://picsum.photos/200/300?image=700', 27),
	(28, NULL, 'https://picsum.photos/200/300?image=300', 28),
	(29, NULL, 'https://picsum.photos/200/300?image=753', 29),
	(30, NULL, 'https://picsum.photos/200/300?image=325', 30),
	(31, NULL, 'https://picsum.photos/200/300?image=883', 31),
	(32, NULL, 'https://picsum.photos/200/300?image=972', 32),
	(33, NULL, 'https://picsum.photos/200/300?image=811', 33),
	(34, NULL, 'https://picsum.photos/200/300?image=35', 34),
	(35, NULL, 'https://picsum.photos/200/300?image=520', 35),
	(36, NULL, 'https://picsum.photos/200/300?image=288', 36),
	(37, NULL, 'https://picsum.photos/200/300?image=9', 37),
	(38, NULL, 'https://picsum.photos/200/300?image=938', 38),
	(39, NULL, 'https://picsum.photos/200/300?image=720', 39),
	(40, NULL, 'https://picsum.photos/200/300?image=474', 40),
	(41, NULL, 'https://picsum.photos/200/300?image=144', 41),
	(42, NULL, 'https://picsum.photos/200/300?image=238', 42),
	(43, NULL, 'https://picsum.photos/200/300?image=955', 43),
	(44, NULL, 'https://picsum.photos/200/300?image=20', 44),
	(45, NULL, 'https://picsum.photos/200/300?image=662', 45),
	(46, NULL, 'https://picsum.photos/200/300?image=700', 46),
	(47, NULL, 'https://picsum.photos/200/300?image=657', 47),
	(48, NULL, 'https://picsum.photos/200/300?image=92', 48),
	(49, NULL, 'https://picsum.photos/200/300?image=632', 49),
	(50, NULL, 'https://picsum.photos/200/300?image=725', 50),
	(51, NULL, 'https://picsum.photos/200/300?image=560', 51),
	(52, NULL, 'https://picsum.photos/200/300?image=939', 52),
	(53, NULL, 'https://picsum.photos/200/300?image=403', 53),
	(54, NULL, 'https://picsum.photos/200/300?image=13', 54),
	(55, NULL, 'https://picsum.photos/200/300?image=946', 55),
	(56, NULL, 'https://picsum.photos/200/300?image=358', 56),
	(57, NULL, 'https://picsum.photos/200/300?image=819', 57),
	(58, NULL, 'https://picsum.photos/200/300?image=271', 58),
	(59, NULL, 'https://picsum.photos/200/300?image=763', 59),
	(60, NULL, 'https://picsum.photos/200/300?image=949', 60),
	(61, NULL, 'https://picsum.photos/200/300?image=728', 61),
	(62, NULL, 'https://picsum.photos/200/300?image=315', 62),
	(63, NULL, 'https://picsum.photos/200/300?image=559', 63),
	(64, NULL, 'https://picsum.photos/200/300?image=450', 64),
	(65, NULL, 'https://picsum.photos/200/300?image=292', 65),
	(66, NULL, 'https://picsum.photos/200/300?image=544', 66),
	(67, NULL, 'https://picsum.photos/200/300?image=104', 67),
	(68, NULL, 'https://picsum.photos/200/300?image=341', 68),
	(69, NULL, 'https://picsum.photos/200/300?image=711', 69),
	(70, NULL, 'https://picsum.photos/200/300?image=350', 70),
	(71, NULL, 'https://picsum.photos/200/300?image=741', 71),
	(72, NULL, 'https://picsum.photos/200/300?image=907', 72),
	(73, NULL, 'https://picsum.photos/200/300?image=704', 73),
	(74, NULL, 'https://picsum.photos/200/300?image=487', 74),
	(75, NULL, 'https://picsum.photos/200/300?image=283', 75),
	(76, NULL, 'https://picsum.photos/200/300?image=425', 76),
	(77, NULL, 'https://picsum.photos/200/300?image=723', 77),
	(78, NULL, 'https://picsum.photos/200/300?image=14', 78),
	(79, NULL, 'https://picsum.photos/200/300?image=343', 79),
	(80, NULL, 'https://picsum.photos/200/300?image=190', 80),
	(81, NULL, 'https://picsum.photos/200/300?image=672', 81),
	(82, NULL, 'https://picsum.photos/200/300?image=31', 82),
	(83, NULL, 'https://picsum.photos/200/300?image=947', 83),
	(84, NULL, 'https://picsum.photos/200/300?image=836', 84),
	(85, NULL, 'https://picsum.photos/200/300?image=247', 85),
	(86, NULL, 'https://picsum.photos/200/300?image=594', 86),
	(87, NULL, 'https://picsum.photos/200/300?image=776', 87),
	(88, NULL, 'https://picsum.photos/200/300?image=883', 88),
	(89, NULL, 'https://picsum.photos/200/300?image=644', 89),
	(90, NULL, 'https://picsum.photos/200/300?image=411', 90),
	(91, NULL, 'https://picsum.photos/200/300?image=907', 91),
	(92, NULL, 'https://picsum.photos/200/300?image=539', 92),
	(93, NULL, 'https://picsum.photos/200/300?image=503', 93),
	(94, NULL, 'https://picsum.photos/200/300?image=229', 94),
	(95, NULL, 'https://picsum.photos/200/300?image=404', 95),
	(96, NULL, 'https://picsum.photos/200/300?image=730', 96),
	(97, NULL, 'https://picsum.photos/200/300?image=481', 97),
	(98, NULL, 'https://picsum.photos/200/300?image=499', 98),
	(99, NULL, 'https://picsum.photos/200/300?image=675', 99),
	(100, NULL, 'https://picsum.photos/200/300?image=411', 100),
	(101, NULL, 'https://picsum.photos/200/300?image=177', 101),
	(102, NULL, 'https://picsum.photos/200/300?image=271', 102),
	(103, NULL, 'https://picsum.photos/200/300?image=863', 103),
	(104, NULL, 'https://picsum.photos/200/300?image=829', 104),
	(105, NULL, 'https://picsum.photos/200/300?image=744', 105),
	(106, NULL, 'https://picsum.photos/200/300?image=480', 106),
	(107, NULL, 'https://picsum.photos/200/300?image=951', 107),
	(108, NULL, 'https://picsum.photos/200/300?image=901', 108),
	(109, NULL, 'https://picsum.photos/200/300?image=100', 109),
	(110, NULL, 'https://picsum.photos/200/300?image=161', 110),
	(111, NULL, 'https://picsum.photos/200/300?image=425', 111),
	(112, NULL, 'https://picsum.photos/200/300?image=582', 112),
	(113, NULL, 'https://picsum.photos/200/300?image=802', 113),
	(114, NULL, 'https://picsum.photos/200/300?image=275', 114),
	(115, NULL, 'https://picsum.photos/200/300?image=891', 115),
	(116, NULL, 'https://picsum.photos/200/300?image=590', 116),
	(117, NULL, 'https://picsum.photos/200/300?image=157', 117),
	(118, NULL, 'https://picsum.photos/200/300?image=645', 118),
	(119, NULL, 'https://picsum.photos/200/300?image=684', 119),
	(120, NULL, 'https://picsum.photos/200/300?image=63', 120),
	(121, NULL, 'https://picsum.photos/200/300?image=972', 121),
	(122, NULL, 'https://picsum.photos/200/300?image=391', 122),
	(123, NULL, 'https://picsum.photos/200/300?image=67', 123),
	(124, NULL, 'https://picsum.photos/200/300?image=653', 124),
	(125, NULL, 'https://picsum.photos/200/300?image=164', 125),
	(126, NULL, 'https://picsum.photos/200/300?image=652', 126),
	(127, NULL, 'https://picsum.photos/200/300?image=256', 127),
	(128, NULL, 'https://picsum.photos/200/300?image=141', 128),
	(129, NULL, 'https://picsum.photos/200/300?image=34', 129),
	(130, NULL, 'https://picsum.photos/200/300?image=873', 130),
	(131, NULL, 'https://picsum.photos/200/300?image=436', 131),
	(132, NULL, 'https://picsum.photos/200/300?image=232', 132),
	(133, NULL, 'https://picsum.photos/200/300?image=548', 133),
	(134, NULL, 'https://picsum.photos/200/300?image=238', 134),
	(135, NULL, 'https://picsum.photos/200/300?image=156', 135),
	(136, NULL, 'https://picsum.photos/200/300?image=453', 136),
	(137, NULL, 'https://picsum.photos/200/300?image=56', 137),
	(138, NULL, 'https://picsum.photos/200/300?image=206', 138),
	(139, NULL, 'https://picsum.photos/200/300?image=316', 139),
	(140, NULL, 'https://picsum.photos/200/300?image=181', 140),
	(141, NULL, 'https://picsum.photos/200/300?image=844', 141),
	(142, NULL, 'https://picsum.photos/200/300?image=2', 142),
	(143, NULL, 'https://picsum.photos/200/300?image=170', 143),
	(144, NULL, 'https://picsum.photos/200/300?image=267', 144),
	(145, NULL, 'https://picsum.photos/200/300?image=328', 145),
	(146, NULL, 'https://picsum.photos/200/300?image=753', 146),
	(147, NULL, 'https://picsum.photos/200/300?image=390', 147),
	(148, NULL, 'https://picsum.photos/200/300?image=781', 148),
	(149, NULL, 'https://picsum.photos/200/300?image=699', 149),
	(150, NULL, 'https://picsum.photos/200/300?image=319', 150),
	(151, NULL, 'https://picsum.photos/200/300?image=270', 151),
	(152, NULL, 'https://picsum.photos/200/300?image=493', 152),
	(153, NULL, 'https://picsum.photos/200/300?image=157', 153),
	(154, NULL, 'https://picsum.photos/200/300?image=625', 154),
	(155, NULL, 'https://picsum.photos/200/300?image=384', 155),
	(156, NULL, 'https://picsum.photos/200/300?image=616', 156),
	(157, NULL, 'https://picsum.photos/200/300?image=851', 157),
	(158, NULL, 'https://picsum.photos/200/300?image=203', 158),
	(159, NULL, 'https://picsum.photos/200/300?image=381', 159),
	(160, NULL, 'https://picsum.photos/200/300?image=442', 160),
	(161, NULL, 'https://picsum.photos/200/300?image=641', 161),
	(162, NULL, 'https://picsum.photos/200/300?image=138', 162),
	(163, NULL, 'https://picsum.photos/200/300?image=957', 163),
	(164, NULL, 'https://picsum.photos/200/300?image=398', 164),
	(165, NULL, 'https://picsum.photos/200/300?image=73', 165),
	(166, NULL, 'https://picsum.photos/200/300?image=227', 166),
	(167, NULL, 'https://picsum.photos/200/300?image=195', 167),
	(168, NULL, 'https://picsum.photos/200/300?image=4', 168),
	(169, NULL, 'https://picsum.photos/200/300?image=444', 169),
	(170, NULL, 'https://picsum.photos/200/300?image=482', 170),
	(171, NULL, 'https://picsum.photos/200/300?image=548', 171),
	(172, NULL, 'https://picsum.photos/200/300?image=349', 172),
	(173, NULL, 'https://picsum.photos/200/300?image=721', 173),
	(174, NULL, 'https://picsum.photos/200/300?image=962', 174),
	(175, NULL, 'https://picsum.photos/200/300?image=412', 175),
	(176, NULL, 'https://picsum.photos/200/300?image=424', 176),
	(177, NULL, 'https://picsum.photos/200/300?image=817', 177),
	(178, NULL, 'https://picsum.photos/200/300?image=400', 178),
	(179, NULL, 'https://picsum.photos/200/300?image=677', 179),
	(180, NULL, 'https://picsum.photos/200/300?image=160', 180),
	(181, NULL, 'https://picsum.photos/200/300?image=329', 181),
	(182, NULL, 'https://picsum.photos/200/300?image=906', 182),
	(183, NULL, 'https://picsum.photos/200/300?image=788', 183),
	(184, NULL, 'https://picsum.photos/200/300?image=123', 184),
	(185, NULL, 'https://picsum.photos/200/300?image=660', 185),
	(186, NULL, 'https://picsum.photos/200/300?image=340', 186),
	(187, NULL, 'https://picsum.photos/200/300?image=119', 187),
	(188, NULL, 'https://picsum.photos/200/300?image=169', 188),
	(189, NULL, 'https://picsum.photos/200/300?image=642', 189),
	(190, NULL, 'https://picsum.photos/200/300?image=609', 190),
	(191, NULL, 'https://picsum.photos/200/300?image=66', 191),
	(192, NULL, 'https://picsum.photos/200/300?image=762', 192),
	(193, NULL, 'https://picsum.photos/200/300?image=237', 193),
	(194, NULL, 'https://picsum.photos/200/300?image=656', 194),
	(195, NULL, 'https://picsum.photos/200/300?image=503', 195),
	(196, NULL, 'https://picsum.photos/200/300?image=420', 196),
	(197, NULL, 'https://picsum.photos/200/300?image=818', 197),
	(198, NULL, 'https://picsum.photos/200/300?image=896', 198),
	(199, NULL, 'https://picsum.photos/200/300?image=925', 199),
	(200, NULL, 'https://picsum.photos/200/300?image=524', 200),
	(201, NULL, 'https://picsum.photos/200/300?image=203', 201),
	(202, NULL, 'https://picsum.photos/200/300?image=789', 202),
	(203, NULL, 'https://picsum.photos/200/300?image=490', 203),
	(204, NULL, 'https://picsum.photos/200/300?image=972', 204),
	(205, NULL, 'https://picsum.photos/200/300?image=367', 205),
	(206, NULL, 'https://picsum.photos/200/300?image=2', 206),
	(207, NULL, 'https://picsum.photos/200/300?image=309', 207),
	(208, NULL, 'https://picsum.photos/200/300?image=658', 208),
	(209, NULL, 'https://picsum.photos/200/300?image=297', 209),
	(210, NULL, 'https://picsum.photos/200/300?image=983', 210),
	(211, NULL, 'https://picsum.photos/200/300?image=537', 211),
	(212, NULL, 'https://picsum.photos/200/300?image=40', 212),
	(213, NULL, 'https://picsum.photos/200/300?image=704', 213),
	(214, NULL, 'https://picsum.photos/200/300?image=639', 214),
	(215, NULL, 'https://picsum.photos/200/300?image=470', 215),
	(216, NULL, 'https://picsum.photos/200/300?image=53', 216),
	(217, NULL, 'https://picsum.photos/200/300?image=496', 217),
	(218, NULL, 'https://picsum.photos/200/300?image=402', 218),
	(219, NULL, 'https://picsum.photos/200/300?image=218', 219),
	(220, NULL, 'https://picsum.photos/200/300?image=272', 220),
	(221, NULL, 'https://picsum.photos/200/300?image=986', 221),
	(222, NULL, 'https://picsum.photos/200/300?image=110', 222),
	(223, NULL, 'https://picsum.photos/200/300?image=912', 223),
	(224, NULL, 'https://picsum.photos/200/300?image=554', 224),
	(225, NULL, 'https://picsum.photos/200/300?image=269', 225),
	(226, NULL, 'https://picsum.photos/200/300?image=614', 226),
	(227, NULL, 'https://picsum.photos/200/300?image=30', 227),
	(228, NULL, 'https://picsum.photos/200/300?image=995', 228),
	(229, NULL, 'https://picsum.photos/200/300?image=845', 229),
	(230, NULL, 'https://picsum.photos/200/300?image=823', 230),
	(231, NULL, 'https://picsum.photos/200/300?image=560', 231),
	(232, NULL, 'https://picsum.photos/200/300?image=986', 232),
	(233, NULL, 'https://picsum.photos/200/300?image=833', 233),
	(234, NULL, 'https://picsum.photos/200/300?image=76', 234),
	(235, NULL, 'https://picsum.photos/200/300?image=279', 235),
	(236, NULL, 'https://picsum.photos/200/300?image=576', 236),
	(237, NULL, 'https://picsum.photos/200/300?image=736', 237),
	(238, NULL, 'https://picsum.photos/200/300?image=409', 238),
	(239, NULL, 'https://picsum.photos/200/300?image=789', 239),
	(240, NULL, 'https://picsum.photos/200/300?image=359', 240),
	(241, NULL, 'https://picsum.photos/200/300?image=255', 241),
	(242, NULL, 'https://picsum.photos/200/300?image=952', 242),
	(243, NULL, 'https://picsum.photos/200/300?image=467', 243),
	(244, NULL, 'https://picsum.photos/200/300?image=666', 244),
	(245, NULL, 'https://picsum.photos/200/300?image=409', 245),
	(246, NULL, 'https://picsum.photos/200/300?image=493', 246),
	(247, NULL, 'https://picsum.photos/200/300?image=369', 247),
	(248, NULL, 'https://picsum.photos/200/300?image=61', 248),
	(249, NULL, 'https://picsum.photos/200/300?image=547', 249),
	(250, NULL, 'https://picsum.photos/200/300?image=250', 250),
	(251, NULL, 'https://picsum.photos/200/300?image=505', 251),
	(252, NULL, 'https://picsum.photos/200/300?image=783', 252),
	(253, NULL, 'https://picsum.photos/200/300?image=593', 253),
	(254, NULL, 'https://picsum.photos/200/300?image=817', 254),
	(255, NULL, 'https://picsum.photos/200/300?image=307', 255),
	(256, NULL, 'https://picsum.photos/200/300?image=393', 256),
	(257, NULL, 'https://picsum.photos/200/300?image=874', 257),
	(258, NULL, 'https://picsum.photos/200/300?image=848', 258),
	(259, NULL, 'https://picsum.photos/200/300?image=224', 259),
	(260, NULL, 'https://picsum.photos/200/300?image=86', 260),
	(261, NULL, 'https://picsum.photos/200/300?image=672', 261),
	(262, NULL, 'https://picsum.photos/200/300?image=308', 262),
	(263, NULL, 'https://picsum.photos/200/300?image=876', 263),
	(264, NULL, 'https://picsum.photos/200/300?image=219', 264),
	(265, NULL, 'https://picsum.photos/200/300?image=211', 265),
	(266, NULL, 'https://picsum.photos/200/300?image=273', 266),
	(267, NULL, 'https://picsum.photos/200/300?image=199', 267),
	(268, NULL, 'https://picsum.photos/200/300?image=643', 268),
	(269, NULL, 'https://picsum.photos/200/300?image=416', 269),
	(270, NULL, 'https://picsum.photos/200/300?image=607', 270),
	(271, NULL, 'https://picsum.photos/200/300?image=986', 271),
	(272, NULL, 'https://picsum.photos/200/300?image=817', 272),
	(273, NULL, 'https://picsum.photos/200/300?image=957', 273),
	(274, NULL, 'https://picsum.photos/200/300?image=943', 274),
	(275, NULL, 'https://picsum.photos/200/300?image=278', 275),
	(276, NULL, 'https://picsum.photos/200/300?image=736', 276),
	(277, NULL, 'https://picsum.photos/200/300?image=710', 277),
	(278, NULL, 'https://picsum.photos/200/300?image=861', 278),
	(279, NULL, 'https://picsum.photos/200/300?image=990', 279),
	(280, NULL, 'https://picsum.photos/200/300?image=274', 280),
	(281, NULL, 'https://picsum.photos/200/300?image=728', 281),
	(282, NULL, 'https://picsum.photos/200/300?image=5', 282),
	(283, NULL, 'https://picsum.photos/200/300?image=810', 283),
	(284, NULL, 'https://picsum.photos/200/300?image=383', 284),
	(285, NULL, 'https://picsum.photos/200/300?image=181', 285),
	(286, NULL, 'https://picsum.photos/200/300?image=390', 286),
	(287, NULL, 'https://picsum.photos/200/300?image=860', 287),
	(288, NULL, 'https://picsum.photos/200/300?image=658', 288),
	(289, NULL, 'https://picsum.photos/200/300?image=341', 289),
	(290, NULL, 'https://picsum.photos/200/300?image=774', 290),
	(291, NULL, 'https://picsum.photos/200/300?image=946', 291),
	(292, NULL, 'https://picsum.photos/200/300?image=726', 292),
	(293, NULL, 'https://picsum.photos/200/300?image=844', 293),
	(294, NULL, 'https://picsum.photos/200/300?image=891', 294),
	(295, NULL, 'https://picsum.photos/200/300?image=242', 295),
	(296, NULL, 'https://picsum.photos/200/300?image=21', 296),
	(297, NULL, 'https://picsum.photos/200/300?image=897', 297),
	(298, NULL, 'https://picsum.photos/200/300?image=102', 298),
	(299, NULL, 'https://picsum.photos/200/300?image=155', 299),
	(300, NULL, 'https://picsum.photos/200/300?image=94', 300),
	(301, NULL, 'https://picsum.photos/200/300?image=71', 301),
	(302, NULL, 'https://picsum.photos/200/300?image=546', 302),
	(303, NULL, 'https://picsum.photos/200/300?image=843', 303),
	(304, NULL, 'https://picsum.photos/200/300?image=591', 304),
	(305, NULL, 'https://picsum.photos/200/300?image=329', 305),
	(306, NULL, 'https://picsum.photos/200/300?image=158', 306),
	(307, NULL, 'https://picsum.photos/200/300?image=529', 307),
	(308, NULL, 'https://picsum.photos/200/300?image=790', 308),
	(309, NULL, 'https://picsum.photos/200/300?image=123', 309),
	(310, NULL, 'https://picsum.photos/200/300?image=360', 310),
	(311, NULL, 'https://picsum.photos/200/300?image=141', 311),
	(312, NULL, 'https://picsum.photos/200/300?image=256', 312),
	(313, NULL, 'https://picsum.photos/200/300?image=859', 313),
	(314, NULL, 'https://picsum.photos/200/300?image=553', 314),
	(315, NULL, 'https://picsum.photos/200/300?image=606', 315),
	(316, NULL, 'https://picsum.photos/200/300?image=124', 316),
	(317, NULL, 'https://picsum.photos/200/300?image=764', 317),
	(318, NULL, 'https://picsum.photos/200/300?image=123', 318),
	(319, NULL, 'https://picsum.photos/200/300?image=575', 319),
	(320, NULL, 'https://picsum.photos/200/300?image=331', 320),
	(321, NULL, 'https://picsum.photos/200/300?image=123', 321),
	(322, NULL, 'https://picsum.photos/200/300?image=221', 322),
	(323, NULL, 'https://picsum.photos/200/300?image=113', 323),
	(324, NULL, 'https://picsum.photos/200/300?image=979', 324),
	(325, NULL, 'https://picsum.photos/200/300?image=691', 325),
	(326, NULL, 'https://picsum.photos/200/300?image=33', 326),
	(327, NULL, 'https://picsum.photos/200/300?image=68', 327),
	(328, NULL, 'https://picsum.photos/200/300?image=528', 328),
	(329, NULL, 'https://picsum.photos/200/300?image=304', 329),
	(330, NULL, 'https://picsum.photos/200/300?image=748', 330),
	(331, NULL, 'https://picsum.photos/200/300?image=394', 331),
	(332, NULL, 'https://picsum.photos/200/300?image=691', 332),
	(333, NULL, 'https://picsum.photos/200/300?image=756', 333),
	(334, NULL, 'https://picsum.photos/200/300?image=70', 334),
	(335, NULL, 'https://picsum.photos/200/300?image=429', 335),
	(336, NULL, 'https://picsum.photos/200/300?image=897', 336),
	(337, NULL, 'https://picsum.photos/200/300?image=957', 337),
	(338, NULL, 'https://picsum.photos/200/300?image=26', 338),
	(339, NULL, 'https://picsum.photos/200/300?image=857', 339),
	(340, NULL, 'https://picsum.photos/200/300?image=300', 340),
	(341, NULL, 'https://picsum.photos/200/300?image=42', 341),
	(342, NULL, 'https://picsum.photos/200/300?image=347', 342),
	(343, NULL, 'https://picsum.photos/200/300?image=120', 343),
	(344, NULL, 'https://picsum.photos/200/300?image=523', 344),
	(345, NULL, 'https://picsum.photos/200/300?image=555', 345),
	(346, NULL, 'https://picsum.photos/200/300?image=508', 346),
	(347, NULL, 'https://picsum.photos/200/300?image=283', 347),
	(348, NULL, 'https://picsum.photos/200/300?image=642', 348),
	(349, NULL, 'https://picsum.photos/200/300?image=693', 349),
	(350, NULL, 'https://picsum.photos/200/300?image=618', 350),
	(351, NULL, 'https://picsum.photos/200/300?image=438', 351),
	(352, NULL, 'https://picsum.photos/200/300?image=518', 352),
	(353, NULL, 'https://picsum.photos/200/300?image=429', 353),
	(354, NULL, 'https://picsum.photos/200/300?image=76', 354),
	(355, NULL, 'https://picsum.photos/200/300?image=725', 355),
	(356, NULL, 'https://picsum.photos/200/300?image=174', 356),
	(357, NULL, 'https://picsum.photos/200/300?image=332', 357),
	(358, NULL, 'https://picsum.photos/200/300?image=478', 358),
	(359, NULL, 'https://picsum.photos/200/300?image=958', 359),
	(360, NULL, 'https://picsum.photos/200/300?image=888', 360),
	(361, NULL, 'https://picsum.photos/200/300?image=575', 361),
	(362, NULL, 'https://picsum.photos/200/300?image=945', 362),
	(363, NULL, 'https://picsum.photos/200/300?image=386', 363),
	(364, NULL, 'https://picsum.photos/200/300?image=271', 364),
	(365, NULL, 'https://picsum.photos/200/300?image=648', 365),
	(366, NULL, 'https://picsum.photos/200/300?image=592', 366),
	(367, NULL, 'https://picsum.photos/200/300?image=659', 367),
	(368, NULL, 'https://picsum.photos/200/300?image=259', 368),
	(369, NULL, 'https://picsum.photos/200/300?image=289', 369),
	(370, NULL, 'https://picsum.photos/200/300?image=739', 370),
	(371, NULL, 'https://picsum.photos/200/300?image=126', 371),
	(372, NULL, 'https://picsum.photos/200/300?image=466', 372),
	(373, NULL, 'https://picsum.photos/200/300?image=433', 373),
	(374, NULL, 'https://picsum.photos/200/300?image=442', 374),
	(375, NULL, 'https://picsum.photos/200/300?image=290', 375),
	(376, NULL, 'https://picsum.photos/200/300?image=944', 376),
	(377, NULL, 'https://picsum.photos/200/300?image=535', 377),
	(378, NULL, 'https://picsum.photos/200/300?image=572', 378),
	(379, NULL, 'https://picsum.photos/200/300?image=759', 379),
	(380, NULL, 'https://picsum.photos/200/300?image=710', 380),
	(381, NULL, 'https://picsum.photos/200/300?image=94', 381),
	(382, NULL, 'https://picsum.photos/200/300?image=152', 382),
	(383, NULL, 'https://picsum.photos/200/300?image=23', 383),
	(384, NULL, 'https://picsum.photos/200/300?image=407', 384),
	(385, NULL, 'https://picsum.photos/200/300?image=829', 385),
	(386, NULL, 'https://picsum.photos/200/300?image=960', 386),
	(387, NULL, 'https://picsum.photos/200/300?image=442', 387),
	(388, NULL, 'https://picsum.photos/200/300?image=989', 388),
	(389, NULL, 'https://picsum.photos/200/300?image=860', 389),
	(390, NULL, 'https://picsum.photos/200/300?image=366', 390),
	(391, NULL, 'https://picsum.photos/200/300?image=198', 391),
	(392, NULL, 'https://picsum.photos/200/300?image=624', 392),
	(393, NULL, 'https://picsum.photos/200/300?image=461', 393),
	(394, NULL, 'https://picsum.photos/200/300?image=368', 394),
	(395, NULL, 'https://picsum.photos/200/300?image=860', 395),
	(396, NULL, 'https://picsum.photos/200/300?image=552', 396),
	(397, NULL, 'https://picsum.photos/200/300?image=510', 397),
	(398, NULL, 'https://picsum.photos/200/300?image=179', 398),
	(399, NULL, 'https://picsum.photos/200/300?image=337', 399),
	(400, NULL, 'https://picsum.photos/200/300?image=183', 400);

-- Dumping structure for table shopping.product_price
DROP TABLE IF EXISTS `product_price`;
CREATE TABLE IF NOT EXISTS `product_price` (
  `price_date_time` datetime(6) NOT NULL,
  `product_id` bigint(20) NOT NULL,
  `note` varchar(255) DEFAULT NULL,
  `price` double NOT NULL,
  PRIMARY KEY (`price_date_time`,`product_id`),
  KEY `FKeupemu63ifqfc4txkskyy1hyi` (`product_id`),
  CONSTRAINT `FKeupemu63ifqfc4txkskyy1hyi` FOREIGN KEY (`product_id`) REFERENCES `product` (`product_id`)
) ENGINE=InnoDB DEFAULT CHARSET=utf8mb4 COLLATE=utf8mb4_general_ci;

-- Dumping data for table shopping.product_price: ~311 rows (approximately)
INSERT INTO `product_price` (`price_date_time`, `product_id`, `note`, `price`) VALUES
	('2023-11-05 23:32:45.024426', 1, 'Amet delectus officia temporibus reprehenderit. Est quis iusto doloribus nisi et neque perferendis. Cum nobis cum.', 354849),
	('2023-11-05 23:32:45.055645', 2, 'Velit voluptatem neque. Quis ipsam labore nam illum laudantium repellendus animi. Tempore dolorum soluta excepturi ut. Iusto optio ipsa corrupti in voluptatem dolorem.', 484872),
	('2023-11-05 23:32:45.064299', 3, 'Voluptatem nihil enim consequatur eligendi necessitatibus iure ipsum. Dolorem esse quis libero et ipsam.', 303776),
	('2023-11-05 23:32:45.073010', 4, 'Et itaque et quaerat corporis qui totam aperiam. Nesciunt est non.', 520893),
	('2023-11-05 23:32:45.081353', 5, 'Perferendis ut asperiores. Assumenda eum fuga nulla itaque. Ut eveniet maxime esse est cumque. Atque asperiores illum doloribus necessitatibus fugit.', 554694),
	('2023-11-05 23:32:45.088370', 6, 'Error nihil minus omnis et consectetur. Accusantium nihil veritatis accusantium vero eos.', 384417),
	('2023-11-05 23:32:45.096027', 7, 'Quia rem rerum expedita beatae atque qui. Ducimus dolores quaerat iure qui est. Tempora inventore vitae dolore quia qui enim. Dolores tenetur a quos molestiae corporis.', 963216),
	('2023-11-05 23:32:45.108548', 8, 'Amet neque animi similique quia doloremque dolorum veniam. Ipsam qui qui. Ratione ipsam aspernatur aut optio in eveniet cumque.', 88908),
	('2023-11-05 23:32:45.127712', 9, 'Voluptatem rem cumque iusto tempora repellat exercitationem. Non est et quae et.', 543296),
	('2023-11-05 23:32:45.141284', 10, 'Sed ipsa optio omnis labore ab. Ut qui ullam quibusdam natus non quia.', 199104),
	('2023-11-05 23:32:45.156896', 11, 'Sed est et porro laboriosam. Aut veniam quidem enim in tenetur. Quidem non impedit dolor facere. Minima sequi facilis.', 75353),
	('2023-11-05 23:32:45.165903', 12, 'Aut ipsa et voluptatem eum amet. Aperiam nihil sint. Voluptas recusandae perferendis.', 319548),
	('2023-11-05 23:32:45.174350', 13, 'Totam eum qui voluptas. Laudantium autem corrupti exercitationem. Est reprehenderit expedita dolorem et velit. Delectus animi odio rerum rerum sequi est.', 306650),
	('2023-11-05 23:32:45.182874', 14, 'Quas labore officiis saepe ea. Molestiae doloribus doloremque eaque nemo fugit eum eligendi. Officia sunt et.', 416547),
	('2023-11-05 23:32:45.191815', 15, 'Non ut libero. Neque in minus quo. Deserunt repudiandae et. Porro voluptatem maiores sint voluptatem atque.', 385167),
	('2023-11-05 23:32:45.200341', 16, 'Quidem vitae porro fugiat. Dicta sed odio culpa. Occaecati iusto aliquid excepturi.', 242471),
	('2023-11-05 23:32:45.210104', 17, 'Corporis itaque blanditiis nihil molestiae voluptatem. Nam nisi iusto ratione cumque tempora assumenda. Quo suscipit reiciendis ut voluptas.', 547777),
	('2023-11-05 23:32:45.216137', 18, 'Aut officiis ut et culpa. Et placeat porro animi eos eius incidunt doloribus. Vero est tenetur sit. Qui et quaerat facilis facilis quia est.', 803077),
	('2023-11-05 23:32:45.223605', 19, 'Quis illum hic aliquid. Ea id ipsum earum sint. Rem nihil doloremque velit vero distinctio rem.', 247182),
	('2023-11-05 23:32:45.229151', 20, 'Aut sunt dolorum accusamus omnis. Mollitia consequuntur qui voluptatem. Soluta corporis officia. Eaque possimus temporibus aut incidunt omnis quia.', 75605),
	('2023-11-05 23:32:45.235135', 21, 'Repellendus officiis cumque rerum ut veritatis. Dolores qui consequatur ullam atque. Accusantium inventore itaque dignissimos dolor.', 400972),
	('2023-11-05 23:32:45.242207', 22, 'Corrupti dolor aliquam explicabo ad quia. Ex facere sunt aut doloremque.', 757809),
	('2023-11-05 23:32:45.248237', 23, 'Et ratione voluptas voluptatem nihil et suscipit. Veniam dolorem fugiat repellendus itaque quaerat rem dolores.', 963594),
	('2023-11-05 23:32:45.254584', 24, 'Sequi cumque nihil. Dolorum mollitia culpa ipsa adipisci enim eum. Aut harum consequuntur.', 338018),
	('2023-11-05 23:32:45.259923', 25, 'Excepturi deserunt quisquam error consequatur. Dolorum laudantium tempora animi dolor ex. Modi ipsum repudiandae pariatur iusto quam iure. Nihil omnis quibusdam corrupti qui.', 753922),
	('2023-11-05 23:32:45.265934', 26, 'Aut aperiam modi rerum maxime. Accusamus rerum sit soluta beatae. Veritatis dolorem similique in reprehenderit molestiae qui. Consequatur veniam sed.', 630448),
	('2023-11-05 23:32:45.273646', 27, 'A tempora commodi velit quibusdam nostrum. Itaque corporis a et ut cum doloribus commodi.', 99200),
	('2023-11-05 23:32:45.278696', 28, 'Animi qui aliquam fuga rerum. Voluptas dolorem quia atque ut. Maiores voluptate nostrum eum. Quos maiores eligendi.', 421789),
	('2023-11-05 23:32:45.284258', 29, 'Porro vitae iste voluptatem mollitia dolor. Minima eum quia rerum sit.', 903977),
	('2023-11-05 23:32:45.289685', 30, 'Vel autem fugiat ea. Dolores aut consequatur et est. Aperiam et dignissimos dignissimos magni. Reiciendis illum quibusdam illo.', 33431),
	('2023-11-05 23:32:45.295905', 31, 'Voluptatibus eum soluta est. Molestias consequatur et qui ut rerum nam nihil. Animi magnam alias et temporibus. Exercitationem vero deserunt ratione.', 123619),
	('2023-11-05 23:32:45.301319', 32, 'Nam sunt numquam unde. Veritatis consequuntur magni.', 933108),
	('2023-11-05 23:32:45.311518', 33, 'At ipsam atque blanditiis est. Quasi magni unde ea iure cumque. Tempora amet ut. Provident vitae mollitia.', 351873),
	('2023-11-05 23:32:45.319008', 34, 'Temporibus ad molestias recusandae voluptatem tempore. Ab similique a omnis impedit sunt eos. Alias voluptas quidem dolores.', 738661),
	('2023-11-05 23:32:45.325007', 35, 'Ut rerum excepturi animi qui doloremque natus aut. Eos iste veritatis repellendus provident fugiat qui. Nisi corrupti provident est eveniet. Fugit aut amet nam blanditiis eum dolorem.', 435808),
	('2023-11-05 23:32:45.331540', 36, 'Suscipit enim qui dolorum sit hic. Tenetur blanditiis velit dicta in excepturi voluptas fugit. Enim sequi quisquam veritatis.', 227471),
	('2023-11-05 23:32:45.338232', 37, 'Porro nobis optio iusto. Consequatur molestiae quos. Et error aut labore soluta voluptas reprehenderit nisi. Magni molestiae odit enim esse.', 892941),
	('2023-11-05 23:32:45.345967', 38, 'Similique consequatur aut non neque dolores. Fugiat magni cupiditate perspiciatis hic ipsum est error. Est consequatur aperiam minima dolores consequatur officia quidem. Est aspernatur nam vel eaque.', 938239),
	('2023-11-05 23:32:45.353329', 39, 'Iusto dignissimos voluptate reprehenderit recusandae. Quae natus inventore et quam commodi. Dicta ut reprehenderit nemo odio.', 988858),
	('2023-11-05 23:32:45.359155', 40, 'Sed enim officiis dolor quia molestiae. Quibusdam nobis omnis veniam voluptas eligendi totam. Libero beatae et voluptatem unde ea omnis. Quo eaque et.', 361109),
	('2023-11-05 23:32:45.365181', 41, 'Eos ut suscipit amet sequi. Maxime est veniam facere totam ut molestiae. Architecto accusantium nihil rerum hic voluptatum. Est illum est.', 821147),
	('2023-11-05 23:32:45.371380', 42, 'Doloremque aut quas inventore quia voluptatem itaque sed. Est consequatur exercitationem odit praesentium. Aut explicabo expedita ut voluptas eligendi reprehenderit. Non aut enim quia molestias harum repellat et.', 856376),
	('2023-11-05 23:32:45.379261', 43, 'Deleniti quibusdam repudiandae enim accusamus quisquam aut fugiat. Eum officia sunt ipsam odio delectus sint soluta.', 369578),
	('2023-11-05 23:32:45.392782', 44, 'Odio officiis quos hic ipsam itaque aliquid laboriosam. Eum consequatur distinctio odio praesentium. Et tempore voluptas iste nulla corporis doloremque. Adipisci nihil voluptas eum tempore.', 727335),
	('2023-11-05 23:32:45.398311', 45, 'Harum voluptates enim. Est nobis iste et. Eius quod ut voluptate ullam similique et dolorem.', 358547),
	('2023-11-05 23:32:45.404310', 46, 'Dolorem ut molestias fugiat minus repudiandae fugiat. Earum quasi est. Ullam quae voluptas excepturi illum ea maxime. Similique et qui recusandae quia quia accusamus assumenda.', 199074),
	('2023-11-05 23:32:45.410303', 47, 'Et minus commodi debitis et quasi. Ut omnis et quibusdam sed et. Provident voluptates facilis excepturi ipsum et in. Quasi dolor autem pariatur aliquam.', 649553),
	('2023-11-05 23:32:45.414344', 48, 'Voluptatem et aut consectetur aperiam rerum natus at. Qui est aut quia. Quaerat non qui quos laborum. Repudiandae qui qui reiciendis rem cupiditate.', 276272),
	('2023-11-05 23:32:45.420268', 49, 'Deserunt sit repellat nulla saepe a quas. Animi itaque nemo modi vero earum reprehenderit et.', 583075),
	('2023-11-05 23:32:45.424527', 50, 'Ea distinctio consequatur nam quod possimus. Quod non dolore asperiores rem. Numquam sint et facere aliquam cupiditate. Quia veritatis natus labore eos.', 554593),
	('2023-11-05 23:32:45.429810', 51, 'Eum et quia nam exercitationem non aspernatur esse. Reprehenderit repellat odit rerum consequatur dignissimos.', 519597),
	('2023-11-05 23:32:45.436318', 52, 'Dicta necessitatibus sed qui. Distinctio eos ipsa impedit quia sunt in. Accusamus distinctio non. Sit odit fuga ut modi voluptates.', 247474),
	('2023-11-05 23:32:45.440833', 53, 'Aut aperiam porro itaque accusamus ea saepe dolores. Blanditiis dolorem animi voluptatem. Quaerat voluptatum sunt est recusandae voluptatem.', 698322),
	('2023-11-05 23:32:45.445885', 54, 'At et nam. Voluptas cupiditate dignissimos voluptates deleniti enim non quos. Accusamus inventore adipisci itaque.', 271966),
	('2023-11-05 23:32:45.449507', 55, 'Qui ducimus minima tempora et sint enim explicabo. Qui consectetur alias in tempore totam iste voluptas. Esse blanditiis laboriosam. Aut alias voluptatem rerum deserunt officia odit facilis.', 611629),
	('2023-11-05 23:32:45.454347', 56, 'Beatae necessitatibus maxime consequuntur voluptatem harum aut porro. Velit id incidunt voluptates quia temporibus.', 261381),
	('2023-11-05 23:32:45.459065', 57, 'Voluptatem occaecati dolor. Sed possimus qui. Error corporis quo ut soluta est.', 248819),
	('2023-11-05 23:32:45.463452', 58, 'Dolorem ducimus perferendis ducimus. Ipsum quaerat adipisci. Quis et nostrum rerum aut vero minima. Sequi rerum ut.', 21126),
	('2023-11-05 23:32:45.467912', 59, 'Aliquid delectus accusantium. Eum numquam dolorum et consequatur. Assumenda ea aperiam qui sit laborum. Ut porro fugiat.', 445543),
	('2023-11-05 23:32:45.472461', 60, 'Quos deleniti sunt ipsam est. Voluptas eligendi asperiores itaque eligendi occaecati dolorum nihil. Et sint hic sint est veniam atque.', 416129),
	('2023-11-05 23:32:45.480094', 61, 'Enim ipsum et. Debitis omnis officia fugit.', 174691),
	('2023-11-05 23:32:45.485099', 62, 'Dolores nostrum sequi sit molestias dolorem qui provident. Eum commodi qui sapiente numquam et.', 849381),
	('2023-11-05 23:32:45.489570', 63, 'Minima molestias eos ipsa adipisci et quod nobis. Eligendi deleniti ratione illo nulla assumenda. Tempora et ut alias labore iste quia. Adipisci quae qui voluptatem libero.', 615915),
	('2023-11-05 23:32:45.494586', 64, 'Laborum deserunt magni. Placeat et fuga voluptate sunt ipsam saepe. Accusamus facilis sed aut. Quis occaecati quia animi incidunt.', 751611),
	('2023-11-05 23:32:45.504645', 65, 'Rerum nesciunt incidunt. Omnis voluptas iste saepe placeat impedit tenetur. Omnis fugiat omnis.', 526466),
	('2023-11-05 23:32:45.510177', 66, 'Soluta quo eum eligendi rerum aperiam repellendus qui. Ducimus pariatur velit assumenda.', 364819),
	('2023-11-05 23:32:45.516177', 67, 'Quia omnis saepe et quo libero asperiores tempore. Eveniet vitae molestiae corporis nisi tenetur dolore. Maxime aut maiores molestiae ratione sunt qui.', 472417),
	('2023-11-05 23:32:45.522803', 68, 'Nostrum et aut maiores voluptas iste rerum cupiditate. Maxime in et. Nemo nobis et at.', 314335),
	('2023-11-05 23:32:45.527647', 69, 'Iure voluptatem eius. Expedita fuga est dicta deserunt harum laboriosam.', 167143),
	('2023-11-05 23:32:45.533652', 70, 'Voluptas ea natus. Totam molestiae et quae molestias. Nostrum sint quisquam voluptatibus. Et cum pariatur in rerum quo et.', 152754),
	('2023-11-05 23:32:45.540625', 71, 'Aut alias incidunt eos necessitatibus. Repellat dicta cumque et eum explicabo velit non.', 102851),
	('2023-11-05 23:32:45.547260', 72, 'Ut distinctio aspernatur sunt. Nesciunt modi voluptatem molestiae reiciendis.', 784074),
	('2023-11-05 23:32:45.553272', 73, 'Autem iure totam reiciendis. Dolor qui ducimus et aut ut. Et reiciendis et quia. Voluptas eaque vel.', 911425),
	('2023-11-05 23:32:45.558838', 74, 'Magni est odio nam sit numquam fuga. Eos totam expedita.', 264372),
	('2023-11-05 23:32:45.565838', 75, 'Et exercitationem non rerum. Nihil non quia iure. Architecto et quos. Quidem nesciunt aspernatur et libero.', 329754),
	('2023-11-05 23:32:45.572286', 76, 'Quia ipsa voluptatem sint. Voluptatum ab qui nisi beatae ut corporis.', 695262),
	('2023-11-05 23:32:45.577799', 77, 'Aliquid sit id. Est ea consequatur cupiditate quisquam. Accusamus odit et exercitationem tenetur aut facilis. Corrupti harum soluta voluptatibus et.', 173297),
	('2023-11-05 23:32:45.582798', 78, 'Sed necessitatibus soluta provident placeat. Quo totam vitae fugiat. Ipsam ut sapiente consequuntur maxime ut maxime adipisci. Aut voluptates vel ea rerum.', 80160),
	('2023-11-05 23:32:45.588781', 79, 'Quo occaecati ratione et deleniti quos non sint. Aspernatur culpa eligendi nostrum molestiae numquam iste.', 183070),
	('2023-11-05 23:32:45.594780', 80, 'Dolor enim praesentium maiores ad autem nobis dolor. Consequuntur velit sit nihil.', 72167),
	('2023-11-05 23:32:45.600827', 81, 'Ut voluptatum est totam. Delectus nihil magni ut dolorem dolores fugit. Voluptas delectus voluptas. Velit error accusamus quod eaque culpa facilis nulla.', 996151),
	('2023-11-05 23:32:45.608354', 82, 'Sint ducimus nesciunt esse et optio saepe. Non eos vero est enim rem. Beatae fugiat maxime esse aliquid cupiditate. Iste aperiam exercitationem fuga vitae non architecto.', 381772),
	('2023-11-05 23:32:45.614496', 83, 'Distinctio cupiditate blanditiis minus. Sed dolore ipsum maiores. Et aut ullam dolore. Qui ut neque accusantium tempora officiis aut.', 81514),
	('2023-11-05 23:32:45.619542', 84, 'Quas ipsam sint est quis ut qui. Rerum autem earum est id reiciendis ea.', 351111),
	('2023-11-05 23:32:45.624733', 85, 'Amet at amet ut. Ex natus et et voluptate.', 667967),
	('2023-11-05 23:32:45.631695', 86, 'Et eligendi architecto quae aspernatur ipsa aut. Maxime et aliquid repellat incidunt ex facere. Quia est aut quisquam dolore molestiae.', 630007),
	('2023-11-05 23:32:45.637338', 87, 'Sunt possimus ea sapiente cum vitae inventore voluptatem. Ut et quia explicabo voluptas.', 891779),
	('2023-11-05 23:32:45.641974', 88, 'Est unde repudiandae in minima itaque maiores consequatur. Voluptatem nesciunt est consequatur.', 42386),
	('2023-11-05 23:32:45.645868', 89, 'Dignissimos expedita nulla in voluptatibus. Esse minus voluptas fuga sit dicta consectetur numquam.', 531845),
	('2023-11-05 23:32:45.649965', 90, 'Et eos ad eaque velit vel perspiciatis voluptatem. Recusandae ut ex aut fugiat.', 176957),
	('2023-11-05 23:32:45.653347', 91, 'Maiores et sed minima esse harum perspiciatis porro. Ducimus aliquid praesentium perferendis et ipsum. Non sint qui molestiae et. Animi quod non.', 914435),
	('2023-11-05 23:32:45.657830', 92, 'Autem suscipit perspiciatis. Quisquam nemo mollitia nostrum.', 361358),
	('2023-11-05 23:32:45.662265', 93, 'Cupiditate et atque. Cum quidem veniam.', 140217),
	('2023-11-05 23:32:45.666798', 94, 'Accusamus eos sed. Dolore et minus nemo consequatur praesentium numquam.', 151779),
	('2023-11-05 23:32:45.670187', 95, 'Voluptatum distinctio maiores qui nesciunt inventore qui sapiente. Qui aut et temporibus in. Expedita distinctio nam velit occaecati ut. Qui iste quo.', 910420),
	('2023-11-05 23:32:45.676290', 96, 'Nihil totam harum similique. Quod animi sint.', 365424),
	('2023-11-05 23:32:45.683148', 97, 'Nihil quasi quis ut in natus ut. Odio voluptates similique consequuntur hic quas optio aspernatur. Aspernatur aperiam consequatur. Molestiae eligendi tenetur qui quia.', 942965),
	('2023-11-05 23:32:45.686963', 98, 'Nemo ex qui provident et temporibus iure perferendis. Quos fugit enim maiores iste sunt. Qui provident ad consequuntur dolor consequatur. In voluptatem eius molestiae odio.', 614421),
	('2023-11-05 23:32:45.691175', 99, 'Quis cupiditate asperiores tenetur est saepe qui sint. Quae ea laudantium nobis odit rerum ex accusantium. Harum laborum accusantium.', 982312),
	('2023-11-05 23:32:45.695198', 100, 'Laboriosam dolores autem enim error similique nam. Consectetur cupiditate velit labore.', 297657),
	('2023-11-05 23:32:45.699316', 101, 'Vitae doloribus eveniet corrupti veritatis quis. Rem perferendis quasi voluptates voluptas nobis. Optio praesentium corrupti. A nisi doloremque.', 349547),
	('2023-11-05 23:32:45.703319', 102, 'Repudiandae dolores natus ea provident. Magni quis voluptatem. Rem temporibus consequatur.', 609737),
	('2023-11-05 23:32:45.706839', 103, 'Modi earum dolore blanditiis et reprehenderit ratione. Blanditiis recusandae minus ullam voluptate et. Adipisci voluptates ea omnis vitae cumque.', 967822),
	('2023-11-05 23:32:45.712022', 104, 'Praesentium sequi odit doloribus beatae ex excepturi quod. Odio assumenda quasi natus. Natus facere temporibus error quae a impedit.', 14184),
	('2023-11-05 23:32:45.718294', 105, 'Non tempore inventore aut et itaque fugiat. Architecto voluptatem aperiam cumque.', 380841),
	('2023-11-05 23:32:45.723507', 106, 'Eos hic aliquam hic dolores quaerat ex aperiam. Earum quasi quam enim provident.', 246278),
	('2023-11-05 23:32:45.729146', 107, 'Qui corrupti est minima perferendis laborum nulla. Eveniet at dolor sint. Nam et culpa distinctio voluptates sit repellendus animi. Illum laboriosam sequi porro pariatur voluptatem dignissimos.', 441069),
	('2023-11-05 23:32:45.734229', 108, 'Est possimus eaque autem iste nostrum. Hic tempora in cupiditate. Numquam vel repellat tempore et est eos. Ea nihil tempora esse.', 620663),
	('2023-11-05 23:32:45.740372', 109, 'Itaque eos itaque distinctio nam minima possimus. Sunt minima neque dolore voluptatem est voluptatem velit. Asperiores eligendi aliquid iure.', 337790),
	('2023-11-05 23:32:45.746018', 110, 'Vel non explicabo et sit maxime delectus. Aut aut soluta.', 234029),
	('2023-11-05 23:32:45.753026', 111, 'Earum sit omnis omnis alias. Alias ea voluptates adipisci rerum debitis.', 534902),
	('2023-11-05 23:32:45.758378', 112, 'Debitis dolor ullam expedita. Tempora culpa voluptas labore repellat. Ea commodi odit minima autem est.', 76650),
	('2023-11-05 23:32:45.765889', 113, 'Deleniti laudantium doloremque repellendus quia non. Vel excepturi commodi omnis voluptates. Est sed quae quia sed odio rerum. Mollitia necessitatibus id dolor nihil minus rerum quisquam.', 646390),
	('2023-11-05 23:32:45.771528', 114, 'Voluptatem numquam voluptate. Illum minima et. In ut odio. Id est magnam dolores odio quia quia.', 984468),
	('2023-11-05 23:32:45.778255', 115, 'Labore iste facilis beatae aut. Reiciendis quia non incidunt. Sunt ex unde temporibus voluptatem.', 372674),
	('2023-11-05 23:32:45.783332', 116, 'Sed non totam dolore veritatis. Animi officiis qui ducimus inventore natus at sunt.', 393588),
	('2023-11-05 23:32:45.788177', 117, 'Possimus quia dolorem qui. Voluptatibus cumque sint exercitationem sit facilis. Sunt sunt ipsum.', 801419),
	('2023-11-05 23:32:45.793138', 118, 'Vel ex nihil cumque. Ut ipsum recusandae soluta in fugiat corrupti id. At dolores omnis deserunt.', 972119),
	('2023-11-05 23:32:45.798856', 119, 'Asperiores error consequatur. Dolores eum iusto suscipit maxime voluptas vitae quis. Labore sed fuga iure esse quia eum.', 192930),
	('2023-11-05 23:32:45.804847', 120, 'Facere sapiente sed omnis et. Quasi dicta aut magni tempora at necessitatibus. Pariatur facilis amet nam at magnam earum alias. Tempore nemo voluptatem fugit maiores.', 972966),
	('2023-11-05 23:32:45.809517', 121, 'Rem pariatur eos quos quia ullam amet. Et quidem explicabo hic eos. Vel nihil et perferendis est dicta vero.', 5991),
	('2023-11-05 23:32:45.814804', 122, 'Et quia autem dolorum. Deleniti occaecati laudantium quasi sit.', 526168),
	('2023-11-05 23:32:45.819669', 123, 'Aut facilis vel enim. Deserunt ut provident. Ipsa est tempora ipsam.', 690131),
	('2023-11-05 23:32:45.824690', 124, 'Illo vero est. Ut ab incidunt. Recusandae odit inventore mollitia autem blanditiis.', 564313),
	('2023-11-05 23:32:45.829790', 125, 'Reprehenderit aperiam incidunt facere ab. Dolorem adipisci aspernatur qui labore autem voluptas nam.', 878639),
	('2023-11-05 23:32:45.834252', 126, 'Illo omnis occaecati eum pariatur eum. Neque est corporis. Ad maiores velit accusantium et eligendi ullam et. Sed culpa provident aut est.', 660334),
	('2023-11-05 23:32:45.839780', 127, 'Rem doloremque iusto dolorem eveniet sit dolor. Ducimus dolorem blanditiis quo consequatur inventore. Consequuntur et nihil ut qui.', 564112),
	('2023-11-05 23:32:45.846741', 128, 'Tenetur quidem sit at officia voluptates et dolores. Qui aut debitis sint et esse cumque. Cum magnam consequatur alias impedit. Blanditiis aperiam aut aliquam.', 808805),
	('2023-11-05 23:32:45.856432', 129, 'Sed rerum accusantium eaque iusto enim aliquid. Excepturi architecto aut natus debitis saepe est numquam. Doloremque tempora quia ducimus laboriosam deserunt. Rerum asperiores harum.', 300659),
	('2023-11-05 23:32:45.862388', 130, 'Cum nisi quasi rerum asperiores aperiam. Commodi ut sit voluptates pariatur eos. In nisi aut quibusdam sint eius consequatur ut. Architecto iste dolor suscipit esse sed rerum amet.', 943557),
	('2023-11-05 23:32:45.866273', 131, 'Voluptatem fugit repudiandae quidem consequuntur. Ipsa laudantium est placeat. Quidem quia sint. Id enim qui quia quibusdam fuga nisi.', 695386),
	('2023-11-05 23:32:45.870222', 132, 'Vel in quod eligendi. Numquam deleniti ullam omnis sed et dolorem. Et tenetur et illo quo id.', 406775),
	('2023-11-05 23:32:45.874169', 133, 'Ut voluptatem maiores id inventore expedita. Repellat magnam laborum quam. Eligendi voluptates qui repellat.', 599407),
	('2023-11-05 23:32:45.878643', 134, 'Officiis asperiores tempore. Minus non sequi.', 601730),
	('2023-11-05 23:32:45.882645', 135, 'Quisquam nostrum nihil. Rerum consequatur blanditiis et.', 21949),
	('2023-11-05 23:32:45.886181', 136, 'Nisi consequatur et nihil magni et sit incidunt. At fugiat fugiat fugiat nisi rerum. Sed alias voluptatem enim ipsam eos sint.', 915828),
	('2023-11-05 23:32:45.891109', 137, 'Doloribus aperiam ut recusandae ducimus nostrum aut. Eos libero expedita. Doloribus odit molestiae voluptatem.', 847174),
	('2023-11-05 23:32:45.894552', 138, 'Ipsa mollitia enim qui nesciunt animi deleniti eligendi. Assumenda quia et labore est voluptas officia fugiat. Fuga non sint et.', 251566),
	('2023-11-05 23:32:45.898603', 139, 'Quibusdam rerum inventore pariatur adipisci et. Quibusdam ut laborum rem minima aliquam. Id consequatur sint.', 139326),
	('2023-11-05 23:32:45.902697', 140, 'Rerum enim vitae magni quis sed. Quisquam nam iure velit nihil.', 828620),
	('2023-11-05 23:32:45.908366', 141, 'Ut dolores mollitia libero accusamus. Qui repellendus officia magni.', 396766),
	('2023-11-05 23:32:45.912365', 142, 'Dolor sed neque nihil veritatis consequatur accusamus. Illum odio consequatur voluptates. Nemo deserunt quasi rerum dolor error sapiente perspiciatis. Illum labore fugiat et.', 402684),
	('2023-11-05 23:32:45.918382', 143, 'Et voluptatem id ratione vel recusandae. Repudiandae voluptate repellendus distinctio ut.', 267712),
	('2023-11-05 23:32:45.923383', 144, 'Sunt deserunt perferendis aut. Expedita veritatis nesciunt. Repellendus aliquam tempore. Neque nihil iusto rerum delectus et.', 626379),
	('2023-11-05 23:32:45.928005', 145, 'Maiores magnam est omnis quod hic est. Quo et sed perferendis reprehenderit non.', 20132),
	('2023-11-05 23:32:45.935015', 146, 'Officiis ipsa eveniet libero qui voluptates soluta molestiae. Sit atque distinctio aspernatur dolor.', 193312),
	('2023-11-05 23:32:45.939445', 147, 'Aut voluptate aliquam quod autem cum. Nisi illo pariatur nihil. Consequatur eum voluptatem et est molestiae.', 395253),
	('2023-11-05 23:32:45.945095', 148, 'Deleniti quia autem laudantium eveniet et hic. Consequatur consequatur praesentium vel ut. Qui sit earum est.', 725012),
	('2023-11-05 23:32:45.950508', 149, 'Magnam nihil expedita illo sapiente voluptatem consequatur. Autem totam quia est suscipit. Sed cum optio labore ipsum ipsum et. Quae corporis et placeat sit est.', 656235),
	('2023-11-05 23:32:45.956160', 150, 'In inventore quae quia. Saepe dolorum voluptates nam odit quibusdam exercitationem. Eos perspiciatis debitis consequatur aut qui fuga. Aut qui deserunt non.', 301882),
	('2023-11-05 23:32:45.961625', 151, 'Voluptas omnis sequi. Et non enim. Nesciunt aperiam saepe amet aut.', 366200),
	('2023-11-05 23:32:45.967290', 152, 'Velit officia distinctio. Omnis eum eveniet pariatur veniam quod. Necessitatibus unde repellat autem ut sit ut est.', 746312),
	('2023-11-05 23:32:45.973001', 153, 'Optio minus voluptatum qui saepe unde laboriosam. Voluptatibus laborum aut est ut culpa. Qui est magni.', 807990),
	('2023-11-05 23:32:45.978162', 154, 'Labore ea aliquid est unde nisi quia. Commodi quas et aut. Vel qui optio odio.', 102878),
	('2023-11-05 23:32:45.983165', 155, 'Ipsa corrupti non voluptate aut velit quas repellendus. Facilis rerum voluptatem magni ipsa sint qui. Tenetur sunt harum quod. Fugiat quo in ut in laboriosam iste.', 684137),
	('2023-11-05 23:32:45.988706', 156, 'Suscipit optio tenetur facere. Omnis qui omnis. Et doloremque voluptate. Qui eum dolor magni pariatur.', 641454),
	('2023-11-05 23:32:45.993064', 157, 'Consequatur qui consectetur. Quos eum odit hic dolore tempore et. Alias nostrum est labore voluptas dolorem. Autem molestias illum corporis.', 517583),
	('2023-11-05 23:32:45.999403', 158, 'Libero quibusdam fuga. Sint praesentium molestias et harum. A culpa temporibus itaque.', 465488),
	('2023-11-05 23:32:46.004079', 159, 'Eos ratione aliquid nisi animi corrupti rerum. Id at recusandae sapiente voluptates numquam.', 461914),
	('2023-11-05 23:32:46.010044', 160, 'Quidem dolorum a voluptas rerum et debitis cupiditate. Sed reprehenderit vel similique sequi. Sed modi eveniet. Fuga dolore qui quas facere voluptate enim nobis.', 294309),
	('2023-11-05 23:32:46.017018', 161, 'Saepe aut voluptate et sit sed ipsam sint. Placeat provident voluptatem delectus quis. Itaque est illum quibusdam architecto.', 875586),
	('2023-11-05 23:32:46.022189', 162, 'Qui est itaque molestias ad cupiditate. Id repellendus totam totam praesentium. Ut maiores eveniet incidunt omnis.', 246978),
	('2023-11-05 23:32:46.026714', 163, 'Voluptate nemo repellendus numquam enim corporis tempore. Et facere ea accusamus.', 880563),
	('2023-11-05 23:32:46.031388', 164, 'Temporibus aut vero est veniam blanditiis ratione. Tenetur non quasi harum deserunt esse. Ea voluptates eius velit natus quia aut.', 271328),
	('2023-11-05 23:32:46.035911', 165, 'Expedita ullam nulla. Sint provident et. Sit aut ut molestias doloribus labore iusto. Dolores pariatur ducimus enim minima.', 717372),
	('2023-11-05 23:32:46.039898', 166, 'Molestiae eos aperiam ducimus aspernatur fuga. Perspiciatis et voluptas est minima est. Harum reprehenderit eligendi adipisci minus reprehenderit.', 976556),
	('2023-11-05 23:32:46.044007', 167, 'Eos asperiores in quasi facere. Ab sit sint. Possimus iusto accusamus labore totam fuga. Itaque facilis provident neque est.', 618231),
	('2023-11-05 23:32:46.048023', 168, 'Culpa enim iste perferendis sunt corporis. Possimus et earum sunt rerum recusandae esse laudantium. Quis itaque maiores accusamus qui dolorem. Vel et harum asperiores sunt.', 603832),
	('2023-11-05 23:32:46.052114', 169, 'Commodi atque ipsum in saepe cupiditate ea sit. Quaerat occaecati sunt id molestiae eos excepturi. Occaecati ut voluptatem dolor possimus.', 736343),
	('2023-11-05 23:32:46.056029', 170, 'Iure non repellendus voluptas aut. Et enim voluptatem veniam. Iusto et veritatis voluptates dolor placeat ipsam.', 314774),
	('2023-11-05 23:32:46.060191', 171, 'Quia ut nisi veritatis quia veniam. Velit nulla sint doloremque. Dolor ex maxime assumenda ratione omnis natus id.', 511077),
	('2023-11-05 23:32:46.068687', 172, 'Voluptatem blanditiis rerum doloribus beatae accusamus ea. Amet eum quibusdam earum tenetur delectus esse. Eum dignissimos odio.', 30931),
	('2023-11-05 23:32:46.073112', 173, 'Ut itaque aut quidem dignissimos dolorem veniam. Libero repellat omnis. Enim neque reiciendis totam placeat aut molestias autem.', 558869),
	('2023-11-05 23:32:46.076916', 174, 'Minus accusantium vero vel aut. Neque eius dolorem.', 405275),
	('2023-11-05 23:32:46.080997', 175, 'Voluptas dolor vero facilis aut ut fugit non. Laboriosam similique sequi eius et quos repellendus. Dolorem ut voluptate. Debitis ea nihil quo ex.', 272634),
	('2023-11-05 23:32:46.084820', 176, 'Impedit error excepturi ad numquam et atque inventore. Ea repudiandae nesciunt totam distinctio quo ipsam autem. Iure et quam saepe error. Nihil qui expedita omnis debitis accusantium vel molestiae.', 225372),
	('2023-11-05 23:32:46.089834', 177, 'Et eos tempore perspiciatis. Dicta sit et. Et voluptatem eligendi omnis unde. Exercitationem excepturi quia exercitationem minus esse.', 306966),
	('2023-11-05 23:32:46.093642', 178, 'Magnam quis id. Omnis nihil adipisci voluptatem unde. Omnis porro placeat reprehenderit iure quisquam voluptatem.', 114619),
	('2023-11-05 23:32:46.097202', 179, 'Enim aut minus enim dolor et non. Quos assumenda sapiente facilis neque possimus sint et.', 617103),
	('2023-11-05 23:32:46.101595', 180, 'Qui a itaque nesciunt voluptates quis. Nemo aperiam quaerat. Dolorem magni earum possimus molestiae. Neque deserunt maxime.', 302362),
	('2023-11-05 23:32:46.109180', 181, 'Fugiat occaecati quia eum eveniet voluptatem fuga aut. Saepe iure ducimus reiciendis temporibus incidunt ut. Vero consequuntur ex eveniet nam corrupti eos aliquam. Rerum cumque est reprehenderit aut ut voluptatem consequatur.', 82763),
	('2023-11-05 23:32:46.114172', 182, 'Aut aut excepturi culpa rerum officia. Sed corrupti neque est et. Facere voluptatem quas dolores minus. Quos rem ex.', 661821),
	('2023-11-05 23:32:46.118410', 183, 'Ut quis itaque ut iure. Eos qui inventore ab est autem. Eum ut saepe.', 97431),
	('2023-11-05 23:32:46.123414', 184, 'Quisquam accusamus ut. Magni officia fugiat qui illo.', 235386),
	('2023-11-05 23:32:46.128738', 185, 'Illum porro aut possimus est iusto. Eos possimus non autem vero. Aut tempora nostrum quos numquam.', 506031),
	('2023-11-05 23:32:46.133737', 186, 'Quos et dolores. Voluptas reprehenderit veniam occaecati. Et minima a eius ipsa.', 112446),
	('2023-11-05 23:32:46.138583', 187, 'Pariatur amet dolorem dolorum. Dolorem veniam doloremque quos ipsum culpa.', 544481),
	('2023-11-05 23:32:46.143103', 188, 'Aut numquam nulla repudiandae consectetur quis. Ipsa quaerat harum qui tenetur placeat voluptas.', 320812),
	('2023-11-05 23:32:46.147866', 189, 'Dolor officia ut. Eaque ut doloremque vel illum possimus inventore. Laborum officiis et eos.', 196327),
	('2023-11-05 23:32:46.152876', 190, 'Atque consequuntur et fugiat. Omnis ea ratione. Qui sequi quidem. Totam cum consequuntur est id.', 343853),
	('2023-11-05 23:32:46.156922', 191, 'Enim numquam dolorem totam voluptatem. Alias soluta ducimus aperiam.', 689343),
	('2023-11-05 23:32:46.162405', 192, 'Vero rerum et. Iure velit sint.', 948514),
	('2023-11-05 23:32:46.177175', 193, 'Rerum consectetur voluptas impedit dolores illo. Qui id adipisci voluptatem voluptatem. Commodi ut asperiores iste quaerat.', 919144),
	('2023-11-05 23:32:46.183390', 194, 'Ut exercitationem est voluptate culpa sit est aliquam. Nesciunt iusto quidem. Expedita vel nihil. Expedita iusto a.', 941892),
	('2023-11-05 23:32:46.186911', 195, 'Tenetur suscipit non unde voluptatem saepe. Et quasi ducimus enim consequatur officia. Et maiores ut quia perferendis est quia qui.', 883783),
	('2023-11-05 23:32:46.194319', 196, 'Consequatur enim dolorem ea et a qui odit. Temporibus ipsam quaerat et velit magnam. Inventore laboriosam quia omnis accusantium sunt.', 306459),
	('2023-11-05 23:32:46.199944', 197, 'A architecto nesciunt blanditiis ea architecto. Blanditiis quisquam alias quia et non. Consequuntur error nihil aliquam.', 291158),
	('2023-11-05 23:32:46.209896', 198, 'Dolore qui sint rem quia maiores quia. Aut enim laudantium et. Vero et fuga maxime. Ducimus tempora soluta id qui iste maiores.', 293040),
	('2023-11-05 23:32:46.213886', 199, 'Et explicabo quia maxime mollitia adipisci. Vel est aspernatur. Deserunt necessitatibus fuga corrupti. In est ad.', 909730),
	('2023-11-05 23:32:46.218736', 200, 'Perspiciatis molestiae fugiat maxime. Voluptas impedit ipsam consequuntur similique. Rerum sunt sint deserunt enim tempora. Assumenda voluptates blanditiis eos officia animi.', 51872),
	('2023-11-05 23:32:46.222070', 201, 'Repudiandae eos necessitatibus alias. Fuga enim nulla.', 831953),
	('2023-11-05 23:32:46.226979', 202, 'Eligendi et qui explicabo. Voluptas rem voluptas dicta quibusdam id. Veniam soluta nisi dolores sapiente corporis eum.', 97778),
	('2023-11-05 23:32:46.231118', 203, 'Dolorum sint aspernatur iste. Perspiciatis officia sit. Veritatis qui hic voluptatem earum mollitia dolorum. Aut ut inventore rerum quaerat numquam deserunt et.', 352997),
	('2023-11-05 23:32:46.234003', 204, 'Sed velit aspernatur aut eum. Nemo aliquid iure amet architecto.', 336073),
	('2023-11-05 23:32:46.237921', 205, 'Quasi praesentium blanditiis sapiente numquam rem qui. Laudantium saepe optio voluptatem tempore.', 221587),
	('2023-11-05 23:32:46.241093', 206, 'Eius tempore dignissimos aut voluptatem quam sunt minus. Non unde consequatur maiores consequuntur ut. Nostrum rerum quae at quia quos est.', 103179),
	('2023-11-05 23:32:46.244552', 207, 'Dolorem omnis quia debitis. In nisi in saepe rerum qui sed minus. Repudiandae animi doloribus rerum atque exercitationem nulla. Quis amet quae sint assumenda ea quia.', 967389),
	('2023-11-05 23:32:46.249027', 208, 'Enim libero et soluta ut ut. Est vero et totam asperiores sed vitae impedit.', 953198),
	('2023-11-05 23:32:46.251987', 209, 'Rerum doloribus molestias animi voluptatem. Quae sed quaerat est repudiandae. Fugit rerum eius repellendus iure quisquam asperiores.', 833475),
	('2023-11-05 23:32:46.254368', 210, 'Facilis assumenda optio necessitatibus aspernatur nobis. Culpa ea itaque magnam.', 480799),
	('2023-11-05 23:32:46.258741', 211, 'Vitae voluptatem fugiat qui aut nihil eaque. Quis impedit molestiae eligendi ipsam ab architecto. Dolores aliquid sit quaerat nulla eligendi molestias recusandae. Et enim magnam aut ipsa.', 50998),
	('2023-11-05 23:32:46.263034', 212, 'Odio sit inventore quisquam sit eaque qui. Aliquam similique numquam. Enim voluptatibus et est et esse aspernatur perspiciatis. Fuga qui a similique dolores.', 851188),
	('2023-11-05 23:32:46.267064', 213, 'Reprehenderit accusamus sit sunt saepe praesentium atque. Modi ut consequuntur cupiditate. Tempora at eos odio beatae ullam voluptates ullam.', 595193),
	('2023-11-05 23:32:46.271844', 214, 'Beatae et atque perspiciatis consequatur. Dolores suscipit est atque quo est temporibus praesentium. Quaerat minima impedit ea et quia. Ea tempora voluptate ab ab.', 168501),
	('2023-11-05 23:32:46.276607', 215, 'Delectus dolor maiores ut possimus cumque adipisci. Est modi aut dolorum exercitationem quidem enim neque.', 347552),
	('2023-11-05 23:32:46.280536', 216, 'Eligendi eos dolore blanditiis magnam. Sunt adipisci ea ratione corrupti velit natus. Voluptas alias voluptatem rerum natus. Impedit quia molestiae debitis.', 542110),
	('2023-11-05 23:32:46.284309', 217, 'Aliquam modi quisquam velit sit minima. Sint aut architecto possimus iste aut. Sint a quod quo. Cumque aut molestias eius repellat.', 667615),
	('2023-11-05 23:32:46.287628', 218, 'Repudiandae aperiam ut voluptatem. Maxime aliquam qui eos nobis impedit. Consequatur qui quam. Aut atque voluptatem.', 590076),
	('2023-11-05 23:32:46.291028', 219, 'Tempore harum et et. Aspernatur modi necessitatibus necessitatibus qui est voluptatem. Eveniet perferendis delectus sed voluptatem officia. Rerum et doloremque ipsa excepturi.', 759544),
	('2023-11-05 23:32:46.294525', 220, 'Veritatis velit adipisci ex et. Ipsum voluptatem numquam quia sapiente. Voluptates debitis et cum eveniet.', 83388),
	('2023-11-05 23:32:46.298439', 221, 'Quis non magni saepe quos eos eaque. Sunt labore eos alias saepe voluptate aspernatur. Dolor eaque repudiandae fugiat aut quis quam. Non minima consequatur.', 60268),
	('2023-11-05 23:32:46.301643', 222, 'Odio sed officia amet vero est nulla earum. Placeat eum dignissimos alias veniam nesciunt. At eveniet vero hic neque.', 840511),
	('2023-11-05 23:32:46.304643', 223, 'Porro qui autem vel iste saepe eveniet iste. Saepe soluta quis minima non vero. Voluptas et veritatis et praesentium nihil mollitia. Est neque quia.', 227368),
	('2023-11-05 23:32:46.309171', 224, 'Nostrum qui omnis ut sint hic. Quibusdam veniam aut sed sit et in ut. Suscipit esse ipsam.', 481276),
	('2023-11-05 23:32:46.313174', 225, 'Aut recusandae dolor unde inventore. Animi architecto voluptate. Deserunt facilis illo. Nihil sequi eos.', 877959),
	('2023-11-05 23:32:46.316600', 226, 'Quis inventore autem in corporis ea. Officia quaerat quaerat qui nesciunt quasi.', 53158),
	('2023-11-05 23:32:46.321793', 227, 'Unde eum consectetur deleniti aut ratione consequuntur assumenda. Rem voluptatem facilis ducimus. Voluptatem est assumenda quaerat doloremque.', 432478),
	('2023-11-05 23:32:46.327383', 228, 'Magnam at explicabo at. Qui nemo natus qui occaecati quas. Temporibus est est facere nam. Exercitationem numquam ea autem itaque.', 961506),
	('2023-11-05 23:32:46.332000', 229, 'Fugiat rerum quis ipsum at fuga placeat. Eum labore fugit ad qui aut dolore. Consequatur maxime sit. Et nam fugiat aliquam molestiae reiciendis.', 308958),
	('2023-11-05 23:32:46.337102', 230, 'Et quia eveniet illo. Veniam quas cum veritatis dolorum vero unde. Ratione aut in laboriosam.', 959741),
	('2023-11-05 23:32:46.342198', 231, 'Saepe minus nostrum rerum. Dolor est consequuntur consectetur ab aut. Et vel doloremque ad commodi voluptas eligendi.', 466541),
	('2023-11-05 23:32:46.348321', 232, 'Impedit vel expedita voluptate aliquam animi repellendus provident. Rem reprehenderit ut tenetur. Nihil expedita recusandae nobis consequatur porro.', 20343),
	('2023-11-05 23:32:46.353325', 233, 'Eos molestiae porro quo sapiente. Aut sed corporis assumenda iure laudantium. Sunt tempora aut fuga.', 230689),
	('2023-11-05 23:32:46.358866', 234, 'Reprehenderit non sequi blanditiis. Quia in molestiae hic corrupti nisi deleniti.', 147466),
	('2023-11-05 23:32:46.363866', 235, 'Velit libero illo ipsum et quod ipsa neque. Possimus ut ut corrupti iste similique hic. Quod repellendus sapiente vitae quaerat labore aspernatur et. Ut rem facilis eum.', 913659),
	('2023-11-05 23:32:46.367296', 236, 'Delectus asperiores quia consequuntur fugiat et. Quidem iusto illo cupiditate et tenetur. Ut quia magni ut asperiores nesciunt odit. Aperiam beatae non.', 689198),
	('2023-11-05 23:32:46.373122', 237, 'Aut officia eum officiis ab aut suscipit. Necessitatibus debitis est sed quia. Qui sit sed. Provident maiores qui quia quibusdam vero eos.', 286423),
	('2023-11-05 23:32:46.378418', 238, 'Ex tempora quo atque quo. Sapiente pariatur commodi. Recusandae iste iusto iure unde mollitia ut.', 154073),
	('2023-11-05 23:32:46.382442', 239, 'Et veniam unde vitae maxime voluptatem rerum sunt. Maiores ea expedita autem qui. Expedita magnam similique explicabo minus corporis.', 141694),
	('2023-11-05 23:32:46.386897', 240, 'Totam et eligendi. Quae odio corrupti excepturi. Perspiciatis sed commodi.', 559701),
	('2023-11-05 23:32:46.392445', 241, 'Autem necessitatibus voluptas. Dignissimos dolor voluptatum natus. Voluptatibus rerum occaecati voluptas et. Quisquam animi deserunt minima.', 976602),
	('2023-11-05 23:32:46.397028', 242, 'Quia hic occaecati nobis explicabo mollitia praesentium voluptatem. Non soluta quam distinctio recusandae et tempore voluptatem. Et consectetur totam totam nesciunt suscipit.', 538043),
	('2023-11-05 23:32:46.401751', 243, 'Sed quis in voluptatum doloremque rerum ex. Id maxime quo est voluptatem iste consequatur ut. Corrupti sunt quia qui.', 573496),
	('2023-11-05 23:32:46.406224', 244, 'Rerum voluptatem ducimus qui. Magni ratione porro sit velit libero et. Voluptate quod sit neque culpa odio.', 853156),
	('2023-11-05 23:32:46.411112', 245, 'Sed qui accusantium nemo rerum dicta culpa. Minima at et quam soluta a quos. Facere consequatur ducimus quia asperiores autem hic aliquid.', 177619),
	('2023-11-05 23:32:46.416138', 246, 'Velit similique laudantium commodi magni amet magni suscipit. Animi et beatae dignissimos vero velit molestiae. Rerum aut consectetur odit quas quasi ratione hic.', 157157),
	('2023-11-05 23:32:46.421007', 247, 'Provident nobis officia id itaque. Quo aut eos similique veniam commodi facilis.', 383065),
	('2023-11-05 23:32:46.425358', 248, 'Tenetur similique dolorum enim quibusdam consequatur possimus. Ea amet officiis quo molestiae ea dignissimos. Similique optio distinctio mollitia qui explicabo enim. Nesciunt molestiae non laborum sed incidunt modi.', 892735),
	('2023-11-05 23:32:46.429716', 249, 'Accusamus blanditiis dolores adipisci velit sunt cum. Neque perspiciatis aliquam consequuntur.', 194512),
	('2023-11-05 23:32:46.433814', 250, 'Commodi et facere eos voluptatem rem. Porro et commodi animi eos quasi quos. Dolorum autem aut quasi ratione.', 973797),
	('2023-11-05 23:32:46.437948', 251, 'Hic magnam molestiae distinctio optio occaecati nam rerum. Tempora voluptate ex aut ea. Voluptate expedita quaerat. Saepe fuga autem eum occaecati dolorem consequatur et.', 59231),
	('2023-11-05 23:32:46.442083', 252, 'Quibusdam possimus et temporibus. Ut maiores molestiae consequatur repellat sit porro. Illum asperiores minima. Cumque dolorem doloribus ea iure laborum rerum totam.', 440154),
	('2023-11-05 23:32:46.444736', 253, 'Id accusamus modi fugiat enim et. Doloribus consectetur cumque est illum. Impedit nemo at.', 748248),
	('2023-11-05 23:32:46.449749', 254, 'Delectus aperiam eligendi et. Voluptatem velit veritatis aut voluptatem qui eos.', 492203),
	('2023-11-05 23:32:46.453637', 255, 'Aut et voluptatem. Nemo sed sed cum ullam. Aliquid doloribus velit.', 990088),
	('2023-11-05 23:32:46.459402', 256, 'Molestiae rerum veniam aperiam tempora. Et quo et nihil voluptas nostrum voluptatem. Porro ex error vel. Quasi in ratione.', 266407),
	('2023-11-05 23:32:46.465837', 257, 'Laboriosam accusantium sit sit modi neque in magnam. Dicta vitae cupiditate voluptatem aliquam maxime ut autem. Dolore omnis et.', 55877),
	('2023-11-05 23:32:46.470752', 258, 'Temporibus vel voluptas. Et voluptatem quo id amet consequuntur natus sed. Sit aliquam incidunt nisi adipisci libero. Esse officiis et recusandae vel pariatur aut necessitatibus.', 506013),
	('2023-11-05 23:32:46.474637', 259, 'Quaerat facilis nesciunt est aut quam. Magnam velit assumenda. Quod eligendi accusamus. Accusantium sed neque voluptatibus repudiandae deserunt.', 883006),
	('2023-11-05 23:32:46.477754', 260, 'Nesciunt doloremque aliquid dolorem et voluptatem omnis. Recusandae quaerat ab.', 161847),
	('2023-11-05 23:32:46.481066', 261, 'Ipsam voluptas in qui at. Commodi eos ipsam odio rerum rerum et. Autem est molestiae aperiam cumque quisquam.', 989756),
	('2023-11-05 23:32:46.484579', 262, 'Quia quos nobis. Doloremque temporibus neque doloremque voluptas sunt atque aut. Aliquid sed repellat blanditiis repellendus est explicabo autem. Cumque ab ipsum.', 668458),
	('2023-11-05 23:32:46.487371', 263, 'Debitis omnis exercitationem nisi quasi amet. Nulla vel deleniti quia non dolor nihil. Voluptatem asperiores incidunt qui. Occaecati delectus ea nisi.', 152460),
	('2023-11-05 23:32:46.490369', 264, 'Illum modi et vel. Reprehenderit et sunt et soluta saepe nihil est. Sed mollitia rerum veniam quisquam velit nesciunt. Eaque consequatur architecto dolor est harum est omnis.', 424644),
	('2023-11-05 23:32:46.494558', 265, 'Modi sint quia sed nesciunt rerum voluptatem. Enim et distinctio fugiat rerum sapiente est.', 20426),
	('2023-11-05 23:32:46.497823', 266, 'Aliquid reiciendis et laborum omnis cum neque debitis. A et natus esse earum voluptatem. Iusto rem voluptas qui consequatur ex. Molestias expedita libero eveniet sequi velit.', 906207),
	('2023-11-05 23:32:46.500218', 267, 'Porro nihil et est expedita ex. Iure quidem non.', 623639),
	('2023-11-05 23:32:46.504588', 268, 'Recusandae sint accusamus enim autem quidem qui quisquam. Et sed enim laboriosam. A deserunt eos nam culpa delectus dolor. Temporibus distinctio fugiat fuga iste ea iste.', 852923),
	('2023-11-05 23:32:46.509539', 269, 'Aliquam facilis corrupti quod. Et eligendi quo voluptatibus sit vitae sunt et. Sit esse quis dolores.', 720357),
	('2023-11-05 23:32:46.512539', 270, 'Qui commodi rerum. Vero provident dolor ex expedita. Molestias veniam a aut est tempore. Ea facilis iusto sunt facilis voluptas.', 449988),
	('2023-11-05 23:32:46.517078', 271, 'Qui voluptatem culpa eum dolorem nobis dolorem. Ipsum velit perferendis rerum et aspernatur.', 131944),
	('2023-11-05 23:32:46.521120', 272, 'Tempora libero eos voluptates harum. Dolorem dolores soluta quo. Eos delectus omnis aperiam qui id facere rerum. Consequatur et quasi.', 336158),
	('2023-11-05 23:32:46.526626', 273, 'Explicabo quia ut autem. Et possimus et. Perspiciatis et architecto.', 398929),
	('2023-11-05 23:32:46.530631', 274, 'Distinctio at eum architecto fuga illo quis. A accusamus aut. Odit rerum sequi.', 200712),
	('2023-11-05 23:32:46.534631', 275, 'Adipisci suscipit a. Optio incidunt laborum quam. Possimus non totam debitis.', 832818),
	('2023-11-05 23:32:46.539670', 276, 'Sit veniam est. Reiciendis voluptas praesentium molestiae dignissimos voluptate est. Accusamus cumque nesciunt magni.', 728837),
	('2023-11-05 23:32:46.545248', 277, 'Doloribus earum eligendi optio ipsa quia et eius. Expedita vero aliquam.', 462615),
	('2023-11-05 23:32:46.549344', 278, 'Quas est omnis ut. Maxime illum iure a minima eos voluptas. Illum dolores eum. Corrupti et nihil doloremque inventore commodi.', 359128),
	('2023-11-05 23:32:46.553344', 279, 'Rerum expedita minima qui non doloribus et. Odit est dolorem.', 685285),
	('2023-11-05 23:32:46.557893', 280, 'Aut est quia magni quidem dicta quo pariatur. Harum illo optio sed quis asperiores aut voluptatibus. Voluptatem quibusdam rerum repellendus quasi. Aut impedit vel et nisi qui recusandae officiis.', 250666),
	('2023-11-05 23:32:46.561904', 281, 'Veritatis tempore commodi doloribus. Laborum ut et eum ut id sapiente repellat. Sed incidunt nihil ducimus aperiam optio iste.', 326988),
	('2023-11-05 23:32:46.567229', 282, 'Ut inventore sint corrupti voluptatem libero. Voluptates molestiae aut odio quia officiis quidem in. Ut et cupiditate. Possimus doloribus et.', 677679),
	('2023-11-05 23:32:46.571360', 283, 'Sunt sed et et. Enim fuga non quo omnis. Et sapiente qui mollitia esse voluptatum ea. Magni ex ducimus esse suscipit ut consequatur nisi.', 854208),
	('2023-11-05 23:32:46.575917', 284, 'Quia molestiae delectus provident reprehenderit qui est laudantium. Iure ipsam laboriosam facere laudantium.', 782251),
	('2023-11-05 23:32:46.580396', 285, 'Maiores quae aliquid dignissimos modi. Sit labore quod culpa temporibus quo mollitia quaerat. Ab iure ut aliquid magni provident.', 690817),
	('2023-11-05 23:32:46.584396', 286, 'Iste repudiandae fuga. Voluptates at quidem eius eaque.', 166805),
	('2023-11-05 23:32:46.589148', 287, 'Sint aspernatur optio. Voluptas qui sed eveniet est quo nihil.', 704453),
	('2023-11-05 23:32:46.594149', 288, 'Similique omnis aut molestias consequatur ipsa voluptatem et. Unde id explicabo totam autem quo non. Quos eos ad est quis corrupti consequatur. Est rerum et ut.', 288155),
	('2023-11-05 23:32:46.598120', 289, 'Placeat consequatur sequi sit. Ex dolor omnis quo culpa numquam soluta et. Et libero aliquam aspernatur accusantium corrupti distinctio.', 178392),
	('2023-11-05 23:32:46.602607', 290, 'Quas ea vel vero. Reprehenderit iste magnam voluptates. Commodi corrupti et et vitae. Optio nulla eveniet repudiandae odio laboriosam necessitatibus aut.', 444605),
	('2023-11-05 23:32:46.607170', 291, 'Et excepturi laboriosam officia officiis. Aperiam aliquid sint porro eveniet eaque earum. Ex reiciendis omnis est vitae quia hic. Id maxime in.', 597144),
	('2023-11-05 23:32:46.611550', 292, 'Aut sit nobis velit voluptas necessitatibus qui assumenda. Dolorem necessitatibus sed in velit vel. Voluptatem quis dolorem molestiae veritatis necessitatibus eos. Fugiat illo minima dolor rem ut reprehenderit modi.', 817075),
	('2023-11-05 23:32:46.616056', 293, 'Eum molestiae quo nihil est temporibus. Et dolore perspiciatis ad consequuntur debitis voluptas.', 398806),
	('2023-11-05 23:32:46.621016', 294, 'Assumenda rem totam. Amet rem et possimus non sapiente. Quia est alias ad. Iure corporis sed facere dolore autem culpa ipsa.', 811158),
	('2023-11-05 23:32:46.624755', 295, 'Aut sit eum aliquid beatae ut molestiae. Distinctio dolor nulla in autem molestiae laudantium sunt. Modi consectetur minima. Omnis voluptas perferendis laudantium iste voluptas sed delectus.', 331168),
	('2023-11-05 23:32:46.629269', 296, 'Et aut quos. Ullam culpa qui assumenda reiciendis suscipit corporis ex.', 663527),
	('2023-11-05 23:32:46.633309', 297, 'Ea pariatur tenetur totam qui voluptas sapiente aut. Sit totam praesentium sapiente nulla sunt molestiae. Impedit minus beatae rerum. Harum sequi pariatur autem veniam.', 981033),
	('2023-11-05 23:32:46.637170', 298, 'Quia repellat rerum. Qui veritatis et et ab amet est.', 348684),
	('2023-11-05 23:32:46.640756', 299, 'Et itaque suscipit alias dignissimos iusto quas aut. Est provident nulla.', 251419),
	('2023-11-05 23:32:46.644064', 300, 'Necessitatibus officia non esse nam sed. Quia sunt corporis at ut. Error quisquam sed nobis excepturi. Culpa nisi eligendi accusantium cumque qui temporibus.', 418855),
	('2023-11-12 07:04:31.348177', 301, NULL, 7000000),
	('2023-11-12 07:17:35.785860', 304, NULL, 10000000),
	('2023-11-12 07:19:48.265948', 1, NULL, 10000000),
	('2023-11-12 07:41:09.701748', 305, NULL, 10000000),
	('2023-11-12 07:43:16.653303', 306, NULL, 10000000),
	('2023-11-12 07:55:27.184229', 307, NULL, 10000000),
	('2023-11-12 07:56:40.425446', 308, NULL, 10000000),
	('2023-11-12 07:59:09.077684', 309, NULL, 10000000),
	('2023-11-12 08:02:52.409307', 310, NULL, 10000000),
	('2023-11-12 08:06:20.116310', 311, NULL, 10000000),
	('2023-11-12 08:24:40.496838', 1, NULL, 10000000);

/*!40103 SET TIME_ZONE=IFNULL(@OLD_TIME_ZONE, 'system') */;
/*!40101 SET SQL_MODE=IFNULL(@OLD_SQL_MODE, '') */;
/*!40014 SET FOREIGN_KEY_CHECKS=IFNULL(@OLD_FOREIGN_KEY_CHECKS, 1) */;
/*!40101 SET CHARACTER_SET_CLIENT=@OLD_CHARACTER_SET_CLIENT */;
/*!40111 SET SQL_NOTES=IFNULL(@OLD_SQL_NOTES, 1) */;
